system,r_A,U,force_column
H2O,0.0005,113.7111438,46.14120127
H2O,0.02054342984,112.7863159,46.14120149
H2O,0.04058685969,111.8614879,46.14120168
H2O,0.06063028953,110.93666,46.14120185
H2O,0.08067371938,110.011832,46.14120199
H2O,0.1007171492,109.0870041,46.14120212
H2O,0.1207605791,108.1621761,46.14120279
H2O,0.1408040089,107.2373482,46.1412031
H2O,0.1608474388,106.3125202,46.14120302
H2O,0.1808908686,105.3876923,46.14120255
H2O,0.2009342984,104.4628643,46.14120169
H2O,0.2209777283,103.5380364,46.14120131
H2O,0.2410211581,102.6132084,46.14120114
H2O,0.261064588,101.6883805,46.1412011
H2O,0.2811080178,100.7635526,46.14120121
H2O,0.3011514477,99.83872465,46.14120147
H2O,0.3211948775,98.91389672,46.14120149
H2O,0.3412383073,97.98906878,46.1412015
H2O,0.3612817372,97.06424085,46.14120153
H2O,0.381325167,96.13941291,46.1412016
H2O,0.4013685969,95.21458497,46.1412017
H2O,0.4214120267,94.28975703,46.14120172
H2O,0.4414554566,93.36492909,46.14120173
H2O,0.4614988864,92.44010115,46.14120175
H2O,0.4815423163,91.51527321,46.14120176
H2O,0.5015857461,90.59044527,46.14120178
H2O,0.5216291759,89.66561733,46.1412018
H2O,0.5416726058,88.74078939,46.1412018
H2O,0.5617160356,87.81596145,46.1412018
H2O,0.5817594655,86.89113351,46.1412018
H2O,0.6018028953,85.96630557,46.14120179
H2O,0.6218463252,85.04147762,46.14120178
H2O,0.641889755,84.11664968,46.14120176
H2O,0.6619331849,83.19182174,46.14120174
H2O,0.6819766147,82.2669938,46.14120172
H2O,0.7020200445,81.34216586,46.1412017
H2O,0.7220634744,80.41733793,46.14120161
H2O,0.7421069042,79.49250999,46.14120152
H2O,0.7621503341,78.56768205,46.14120149
H2O,0.7821937639,77.64285412,46.14120151
H2O,0.8022371938,76.71802618,46.14120159
H2O,0.8222806236,75.79319825,46.14120165
H2O,0.8423240535,74.86837031,46.14120168
H2O,0.8623674833,73.94354237,46.14120171
H2O,0.8824109131,73.01871443,46.14120173
H2O,0.902454343,72.09388649,46.14120175
H2O,0.9224977728,71.16905855,46.14120184
H2O,0.9425412027,70.2442306,46.14120193
H2O,0.9625846325,69.31940266,46.14120195
H2O,0.9826280624,68.39457472,46.14120191
H2O,1.002671492,67.46974677,46.1412018
H2O,1.022714922,66.54491883,46.14120162
H2O,1.042758352,65.6200909,46.14120148
H2O,1.062801782,64.69526296,46.14120143
H2O,1.082845212,63.77043503,46.14120146
H2O,1.102888641,62.8456071,46.14120158
H2O,1.122932071,61.92077916,46.14120173
H2O,1.142975501,60.99595122,46.1412018
H2O,1.163018931,60.07112327,46.14120183
H2O,1.183062361,59.14629533,46.14120181
H2O,1.203105791,58.22146739,46.14120174
H2O,1.22314922,57.29663945,46.1412016
H2O,1.24319265,56.37181152,46.14120148
H2O,1.26323608,55.44698358,46.14120144
H2O,1.28327951,54.52215565,46.14120147
H2O,1.30332294,53.59732771,46.14120158
H2O,1.32336637,52.67249977,46.14120182
H2O,1.3434098,51.74767183,46.14120204
H2O,1.363453229,50.82284388,46.14120212
H2O,1.383496659,49.89801594,46.14120207
H2O,1.403540089,48.97318799,46.14120187
H2O,1.423583519,48.04836005,46.14120162
H2O,1.443626949,47.12353212,46.14120149
H2O,1.463670379,46.19870418,46.14120144
H2O,1.483713808,45.27387625,46.14120146
H2O,1.503757238,44.34904831,46.14120157
H2O,1.523800668,43.42422037,46.14120173
H2O,1.543844098,42.49939243,46.14120182
H2O,1.563887528,41.57456449,46.14120185
H2O,1.583930958,40.64973655,46.14120181
H2O,1.603974388,39.72490861,46.14120171
H2O,1.624017817,38.80008067,46.14120157
H2O,1.644061247,37.87525273,46.14120152
H2O,1.664104677,36.9504248,46.14120149
H2O,1.684148107,36.02559686,46.14120149
H2O,1.704191537,35.10076893,46.14120152
H2O,1.724234967,34.17594099,46.14120157
H2O,1.744278396,33.25111306,46.14120159
H2O,1.764321826,32.32628512,46.14120161
H2O,1.784365256,31.40145718,46.14120163
H2O,1.804408686,30.47662924,46.14120165
H2O,1.824452116,29.55180131,46.14120173
H2O,1.844495546,28.62697336,46.14120198
H2O,1.864538976,27.70214542,46.1412021
H2O,1.884582405,26.77731747,46.14120209
H2O,1.904625835,25.85248952,46.14120195
H2O,1.924669265,24.92766158,46.1412017
H2O,1.944712695,24.00283364,46.1412015
H2O,1.964756125,23.07800571,46.14120137
H2O,1.984799555,22.15317778,46.14120132
H2O,2.004842984,21.22834985,46.14120134
H2O,2.024886414,20.30352191,46.14120146
H2O,2.044929844,19.37869398,46.14120176
H2O,2.064973274,18.45386603,46.14120195
H2O,2.085016704,17.52903809,46.14120203
H2O,2.105060134,16.60421014,46.14120199
H2O,2.125103563,15.67938485,46.13650491
H2O,2.145146993,14.75540855,46.06461798
H2O,2.165190423,13.83265072,46.01492148
H2O,2.185233853,12.91066659,45.98741541
H2O,2.205277283,11.98901139,45.98209978
H2O,2.225320713,11.06724191,45.98507874
H2O,2.245364143,10.15704017,44.86820425
H2O,2.265407572,9.26740066,43.93331138
H2O,2.285451002,8.394675839,43.18040012
H2O,2.305494432,7.535218174,42.60947049
H2O,2.325537862,6.685380129,42.22052247
H2O,2.345581292,5.879588108,38.10861605
H2O,2.365624722,5.155408836,34.21135723
H2O,2.385668151,4.505798699,30.66786
H2O,2.405711581,3.923667103,27.47812434
H2O,2.425755011,3.401923452,24.64215026
H2O,2.445798441,2.933857057,22.06412281
H2O,2.465841871,2.517655022,19.46045594
H2O,2.485885301,2.153966672,16.82413276
H2O,2.505928731,1.843446553,14.15515328
H2O,2.52597216,1.58674921,11.45351748
H2O,2.54601559,1.367152297,10.66161944
H2O,2.56605902,1.16109844,9.846731486
H2O,2.58610245,0.9745277949,8.717519871
H2O,2.60614588,0.8137404856,7.273984593
H2O,2.62618931,0.6850366366,5.516125653
H2O,2.646232739,0.5815086721,5.031931868
H2O,2.666276169,0.484711759,4.578646806
H2O,2.686319599,0.3998948335,3.836528917
H2O,2.706363029,0.3328470961,2.805578199
H2O,2.726406459,0.2893577474,1.485794654
H2O,2.746449889,0.2658536235,1.076825967
H2O,2.766493318,0.2466795349,0.8074763962
H2O,2.786536748,0.2346450203,0.3644155646
H2O,2.806580178,0.2332318491,-0.2523565276
H2O,2.826623608,0.2459217908,-1.042839881
H2O,2.846667038,0.2709501716,-1.28546226
H2O,2.866710468,0.2968740772,-1.301840799
H2O,2.886753898,0.3231581135,-1.321397301
H2O,2.906797327,0.3498659778,-1.344131765
H2O,2.926840757,0.3770613674,-1.370044191
H2O,2.946884187,0.4050509149,-1.430137375
H2O,2.966927617,0.4341593619,-1.467110528
H2O,2.986971047,0.4635705512,-1.46034602
H2O,3.007014477,0.4924078303,-1.40984385
H2O,3.027057906,0.5197945462,-1.315604018
H2O,3.047101336,0.5431444786,-0.9266314163
H2O,3.067144766,0.5571143183,-0.4853876799
H2O,3.087188196,0.5633261988,-0.1525164723
H2O,3.107231626,0.5639522771,0.07198220653
H2O,3.127275056,0.5611647106,0.1881083565
H2O,3.147318486,0.557036157,0.2202134182
H2O,3.167361915,0.5522167304,0.264321511
H2O,3.187405345,0.5462945606,0.3302487881
H2O,3.207448775,0.5388323164,0.4179952495
H2O,3.227492205,0.5293926666,0.5275608951
H2O,3.247535635,0.5179729254,0.5817977758
H2O,3.267579065,0.5061829877,0.5984405582
H2O,3.287622494,0.4938310252,0.6378784758
H2O,3.307665924,0.4804601452,0.7001115285
H2O,3.327709354,0.465613455,0.7851397164
H2O,3.347752784,0.4491145489,0.8380755467
H2O,3.367796214,0.4322081156,0.8499450089
H2O,3.387839644,0.4150012126,0.8680574077
H2O,3.407883073,0.3973687101,0.892412743
H2O,3.427926503,0.3791854783,0.923011015
H2O,3.447969933,0.3603961845,0.9447532869
H2O,3.468013363,0.3414117387,0.9490889221
H2O,3.488056793,0.3223697865,0.9504914664
H2O,3.508100223,0.3033291171,0.9489609198
H2O,3.528143653,0.2843485197,0.9444972823
H2O,3.548187082,0.265469995,0.9410003281
H2O,3.568230512,0.2466204906,0.939246767
H2O,3.588273942,0.2278433578,0.933778845
H2O,3.608317372,0.2092130452,0.9245965619
H2O,3.628360802,0.1908040013,0.9116999179
H2O,3.648404232,0.1727491329,0.8802128935
H2O,3.668447661,0.1556094586,0.832115294
H2O,3.688491091,0.1393090812,0.7964650604
H2O,3.708534521,0.1235985128,0.7732621927
H2O,3.728577951,0.1082282656,0.7625066909
H2O,3.748621381,0.09296276196,0.7598300753
H2O,3.768664811,0.07780870191,0.7521610068
H2O,3.788708241,0.06281625508,0.7437037702
H2O,3.80875167,0.04800121908,0.7344583655
H2O,3.8287951,0.0333793915,0.7244247929
H2O,3.84883853,0.01896985049,0.7125014207
H2O,3.86888196,0.004835321111,0.6979789478
H2O,3.88892539,-0.009013544773,0.6839969686
H2O,3.90896882,-0.02258758051,0.670555483
H2O,3.929012249,-0.03589761945,0.657654491
H2O,3.949055679,-0.04894551454,0.6416814877
H2O,3.969099109,-0.06154685864,0.6160187591
H2O,3.989142539,-0.07365164902,0.5921337074
H2O,4.009185969,-0.0852955164,0.5700263326
H2O,4.029229399,-0.09651409154,0.5496966347
H2O,4.049272829,-0.1073403266,0.5298199567
H2O,4.069316258,-0.1177210291,0.506221105
H2O,4.089359688,-0.1276419635,0.4839427605
H2O,4.109403118,-0.1371295972,0.4629849232
H2O,4.129446548,-0.1462103977,0.4433475931
H2O,4.149489978,-0.154910181,0.4246148431
H2O,4.169533408,-0.1632191845,0.4045963028
H2O,4.189576837,-0.171133633,0.3852448261
H2O,4.209620267,-0.1786668966,0.3665604128
H2O,4.229663697,-0.1858323455,0.348543063
H2O,4.249707127,-0.1926425701,0.3304983048
H2O,4.269750557,-0.1990334289,0.3071769371
H2O,4.289793987,-0.2049552918,0.2837003354
H2O,4.309837416,-0.2104050473,0.2600684997
H2O,4.329880846,-0.2153795841,0.2362814298
H2O,4.349924276,-0.2198757445,0.2122699271
H2O,4.369967706,-0.2238748418,0.1865664568
H2O,4.390011136,-0.2273463165,0.1596219844
H2O,4.410054566,-0.2302652946,0.13143651
H2O,4.430097996,-0.2326069022,0.1020100336
H2O,4.450141425,-0.2343463431,0.07168844497
H2O,4.470184855,-0.235618879,0.05503929552
H2O,4.490228285,-0.2365426694,0.03688946868
H2O,4.510271715,-0.2370876357,0.01723896446
H2O,4.530315145,-0.2372236991,-0.00391221714
H2O,4.550358575,-0.2369207809,-0.02656407613
H2O,4.570402004,-0.2362936016,-0.03597012992
H2O,4.590445434,-0.2354674671,-0.04675022468
H2O,4.610488864,-0.2344080707,-0.0592457734
H2O,4.630532294,-0.2330810289,-0.07345677608
H2O,4.650575724,-0.231451958,-0.08938323273
H2O,4.670619154,-0.2295532538,-0.09979286629
H2O,4.690662584,-0.2274444699,-0.1108143341
H2O,4.710706013,-0.2251036098,-0.1229501906
H2O,4.730749443,-0.2225083374,-0.1362004358
H2O,4.750792873,-0.2196363166,-0.1505650697
H2O,4.770836303,-0.2164887735,-0.1632743395
H2O,4.790879733,-0.2130902118,-0.1758775604
H2O,4.810923163,-0.2094371064,-0.1886735581
H2O,4.830966592,-0.2055255934,-0.2016623327
H2O,4.851010022,-0.2013518088,-0.2148438842
H2O,4.871053452,-0.1969634762,-0.2225288746
H2O,4.891096882,-0.1924084688,-0.2326071975
H2O,4.911140312,-0.1876140377,-0.246419374
H2O,4.931183742,-0.1825053436,-0.2639654043
H2O,4.951227171,-0.1770075472,-0.2852452883
H2O,4.971270601,-0.1711761923,-0.2935916745
H2O,4.991314031,-0.1652439617,-0.2984042518
H2O,5.011357461,-0.1592117681,-0.3035663058
H2O,5.031400891,-0.1530726069,-0.3090778365
H2O,5.051444321,-0.1468194733,-0.314938844
H2O,5.071487751,-0.1404615602,-0.3188331424
H2O,5.09153118,-0.1340494707,-0.3207460597
H2O,5.11157461,-0.1276134941,-0.3212166793
H2O,5.13161804,-0.121182539,-0.320245001
H2O,5.15166147,-0.1147855139,-0.317831025
H2O,5.1717049,-0.1084590763,-0.3130775453
H2O,5.19174833,-0.1022312319,-0.3085064338
H2O,5.211791759,-0.09608605001,-0.3048292059
H2O,5.231835189,-0.09000561413,-0.3020458615
H2O,5.251878619,-0.08397200778,-0.3001564007
H2O,5.271922049,-0.07808334451,-0.2818757163
H2O,5.291965479,-0.07268105276,-0.2577410268
H2O,5.312008909,-0.06772894247,-0.2369551152
H2O,5.332052339,-0.06315989264,-0.2195179813
H2O,5.352095768,-0.05890678228,-0.2054296253
H2O,5.372139198,-0.0549690055,-0.1837317502
H2O,5.392182628,-0.05156583766,-0.1558342324
H2O,5.412226058,-0.04872263793,-0.1278562727
H2O,5.432269488,-0.04644101865,-0.0997978708
H2O,5.452312918,-0.04472259214,-0.07165902689
H2O,5.472356347,-0.04350766974,-0.05396964972
H2O,5.492399777,-0.04254165985,-0.0419684506
H2O,5.512443207,-0.04184346873,-0.02724580422
H2O,5.532486637,-0.0414676435,-0.009801710589
H2O,5.552530067,-0.04146873131,0.01036383029
H2O,5.572573497,-0.0418353875,0.02079127356
H2O,5.592616927,-0.0422665776,0.02265489842
H2O,5.612660356,-0.04276041141,0.0270420707
H2O,5.632703786,-0.04336746948,0.0339527904
H2O,5.652747216,-0.04413833234,0.04338705751
H2O,5.672790646,-0.04509683282,0.04970490337
H2O,5.692834076,-0.04609986471,0.05030543146
H2O,5.712877506,-0.04711039229,0.05045284827
H2O,5.732920935,-0.04811933366,0.05014715379
H2O,5.752964365,-0.04911760691,0.04938834803
H2O,5.773007795,-0.05009822859,0.04866663079
H2O,5.793051225,-0.05107109428,0.04839799003
H2O,5.813094655,-0.05203790507,0.04806245139
H2O,5.833138085,-0.05299732007,0.04766001485
H2O,5.853181514,-0.05394799844,0.04719068042
H2O,5.873224944,-0.05488004671,0.04450511699
H2O,5.893268374,-0.05571565369,0.03899760526
H2O,5.913311804,-0.05644827224,0.03422858925
H2O,5.933355234,-0.05709270434,0.03019806896
H2O,5.953398664,-0.05766375198,0.0269060444
H2O,5.973442094,-0.05817231915,0.02322274125
H2O,5.993485523,-0.05858256025,0.01772764297
H2O,6.013528953,-0.05888357261,0.01232353628
H2O,6.033572383,-0.05907718004,0.007010421186
H2O,6.053615813,-0.05916520631,0.001788297692
H2O,6.073659243,-0.05915230987,-0.002417527373
H2O,6.093702673,-0.05908152209,-0.0047074342
H2O,6.113746102,-0.05896113743,-0.007366467424
H2O,6.133789532,-0.05878375735,-0.01039462705
H2O,6.153832962,-0.05854198329,-0.01379191307
H2O,6.173876392,-0.05823058203,-0.01672254371
H2O,6.193919822,-0.057886864,-0.01764074817
H2O,6.213963252,-0.0575207755,-0.01895474345
H2O,6.234006682,-0.05712438352,-0.02066452954
H2O,6.254050111,-0.05668975506,-0.02277010645
H2O,6.274093541,-0.05620990164,-0.02482983607
H2O,6.294136971,-0.05570468008,-0.02564523423
H2O,6.314180401,-0.05517936393,-0.02683494067
H2O,6.334223831,-0.05462645077,-0.02839895539
H2O,6.354267261,-0.05403843818,-0.03033727837
H2O,6.37431069,-0.05340836956,-0.03232610235
H2O,6.39435412,-0.05275397667,-0.03301062721
H2O,6.41439755,-0.05208350442,-0.03393055477
H2O,6.43444098,-0.05139223452,-0.03508588502
H2O,6.45448441,-0.05067544871,-0.03647661796
H2O,6.47452784,-0.04992864916,-0.03792415496
H2O,6.494571269,-0.04916568513,-0.03820630288
H2O,6.514614699,-0.04839710363,-0.03848468369
H2O,6.534658129,-0.04762298018,-0.03875929739
H2O,6.554701559,-0.04684339028,-0.03903014397
H2O,6.574744989,-0.04605840099,-0.03930789548
H2O,6.594788419,-0.04526673756,-0.03967706466
H2O,6.614831849,-0.04446826677,-0.03998715609
H2O,6.634875278,-0.04366417275,-0.04023816978
H2O,6.654918708,-0.04285563961,-0.04043010572
H2O,6.674962138,-0.04204385856,-0.04054225992
H2O,6.695005568,-0.04123195405,-0.04068163807
H2O,6.715048998,-0.04040466646,-0.04207723526
H2O,6.735092428,-0.03953681685,-0.04472905148
H2O,6.755135857,-0.03860322627,-0.04863708674
H2O,6.775179287,-0.0375787158,-0.05380134102
H2O,6.795222717,-0.03648438966,-0.05525704827
H2O,6.815266147,-0.03536730126,-0.05611839682
H2O,6.835309577,-0.03423844115,-0.05643166789
H2O,6.855353007,-0.03310879469,-0.0561968615
H2O,6.875396437,-0.03198934723,-0.05541397762
H2O,6.895439866,-0.03088027963,-0.05529043719
H2O,6.915483296,-0.02977362401,-0.05511711518
H2O,6.935526726,-0.028671538,-0.05483446575
H2O,6.955570156,-0.02757621291,-0.05444248888
H2O,6.975613586,-0.02648984002,-0.05394118458
H2O,6.995657016,-0.02545309305,-0.04911176647
H2O,7.015700445,-0.02451969974,-0.04407282163
H2O,7.035743875,-0.02368444773,-0.03931890263
H2O,7.055787305,-0.02294162411,-0.03485000946
H2O,7.075830735,-0.02228551599,-0.03066614214
H2O,7.095874165,-0.02168647042,-0.02956435163
H2O,7.115917595,-0.02109778993,-0.02922312506
H2O,7.135961024,-0.02051312375,-0.02916379064
H2O,7.156004454,-0.01992682179,-0.02938634837
H2O,7.176047884,-0.01933323396,-0.02989079824
H2O,7.196091314,-0.01873046693,-0.03017291083
H2O,7.216134744,-0.01812447995,-0.03027902966
H2O,7.236178174,-0.01751729517,-0.03029243162
H2O,7.256221604,-0.01691077095,-0.0302131167
H2O,7.276265033,-0.01630676565,-0.03004108491
H2O,7.296308463,-0.01571431874,-0.02885250591
H2O,7.316351893,-0.01515052826,-0.02741292871
H2O,7.336395323,-0.01461507782,-0.02602464369
H2O,7.356438753,-0.01410693933,-0.02468765085
H2O,7.376482183,-0.01362508473,-0.02340195018
H2O,7.396525612,-0.013180618,-0.02047469571
H2O,7.416569042,-0.01280652606,-0.01684383478
H2O,7.436612472,-0.01250578664,-0.0131553363
H2O,7.456655902,-0.01227955502,-0.009409200288
H2O,7.476699332,-0.01212898644,-0.005605426728
H2O,7.496742762,-0.01203907556,-0.004137465325
H2O,7.516786192,-0.01195961381,-0.003785163264
H2O,7.536829621,-0.01188759394,-0.003394890731
H2O,7.556873051,-0.01182377699,-0.002966647725
H2O,7.576916481,-0.01176892403,-0.002500434246
H2O,7.596959911,-0.01172281394,-0.002163540221
H2O,7.617003341,-0.01168101985,-0.002029608635
H2O,7.637046771,-0.01164053947,-0.002032455119
H2O,7.6570902,-0.01159863127,-0.002172079673
H2O,7.67713363,-0.01155255378,-0.002448482297
H2O,7.69717706,-0.01150004107,-0.002776185418
H2O,7.71722049,-0.01144104858,-0.003120615129
H2O,7.73726392,-0.01137453115,-0.003527049148
H2O,7.75730735,-0.01129924599,-0.003995487476
H2O,7.77735078,-0.01121395034,-0.004525930113
H2O,7.797394209,-0.01111755536,-0.005088932718
H2O,7.817437639,-0.0110097674,-0.005673540385
H2O,7.837481069,-0.01088983906,-0.006300339963
H2O,7.857524499,-0.01075692467,-0.00696933145
H2O,7.877567929,-0.01061017855,-0.007680514846
H2O,7.897611359,-0.01045051273,-0.008076630691
H2O,7.917654788,-0.01028832599,-0.008103704029
H2O,7.937698218,-0.01012578882,-0.008111598847
H2O,7.957741648,-0.009963285604,-0.008100315143
H2O,7.977785078,-0.009801200756,-0.008069852918
H2O,7.997828508,-0.009639800855,-0.008046825345
H2O,8.017871938,-0.009478503583,-0.008047006212
H2O,8.037915367,-0.009317259565,-0.008041511475
H2O,8.057958797,-0.00915618256,-0.008030341135
H2O,8.078002227,-0.008995386327,-0.008013495193
H2O,8.098045657,-0.008835399808,-0.007891171381
H2O,8.118089087,-0.008679464086,-0.007683670065
H2O,8.138132517,-0.008526782006,-0.007566512331
H2O,8.158175947,-0.00837554277,-0.007539698179
H2O,8.178219376,-0.008223935584,-0.007603227608
H2O,8.198262806,-0.00806998824,-0.007798710728
H2O,8.218306236,-0.007910979229,-0.00805815266
H2O,8.238349666,-0.007747346394,-0.008260091111
H2O,8.258393096,-0.007580242304,-0.008404526081
H2O,8.278436526,-0.007410819526,-0.008491457569
H2O,8.298479955,-0.007239261542,-0.008840506932
H2O,8.318523385,-0.007048417383,-0.01031682665
H2O,8.338566815,-0.006821111651,-0.01247876385
H2O,8.358610245,-0.006543602219,-0.01532631855
H2O,8.378653675,-0.006202146961,-0.01885949074
H2O,8.398697105,-0.005784860828,-0.02237483
H2O,8.418740535,-0.005320831023,-0.02381804553
H2O,8.438783964,-0.00483446208,-0.02460390341
H2O,8.458827394,-0.0043389297,-0.02473240364
H2O,8.478870824,-0.003847409586,-0.02420354621
H2O,8.498914254,-0.003372343704,-0.02334686727
H2O,8.518957684,-0.002905093766,-0.02324121381
H2O,8.539001114,-0.002442106309,-0.02292154278
H2O,8.559044543,-0.001987670979,-0.02238785418
H2O,8.579087973,-0.001546077422,-0.02164014801
H2O,8.599131403,-0.001122930394,-0.01995278458
H2O,8.619174833,-0.0007714950445,-0.01521214078
H2O,8.639218263,-0.0005092134109,-0.01105673069
H2O,8.659261693,-0.0003243554027,-0.007486554296
H2O,8.679305122,-0.000205190929,-0.004501611612
H2O,8.699348552,-0.0001396301201,-0.002366034233
H2O,8.719391982,-9.455466793e-05,-0.002112313911
H2O,8.739435412,-5.573298386e-05,-0.001742012479
H2O,8.759478842,-2.550175319e-05,-0.001255129939
H2O,8.779522272,-6.197661191e-06,-0.0006516662901
H2O,8.799565702,-9.491406672e-08,-1.135636152e-06
H2O,8.819609131,-7.037748978e-08,-1.281136985e-06
H2O,8.839652561,-4.48227703e-08,-1.237229797e-06
H2O,8.859695991,-2.204629464e-08,-1.003914589e-06
H2O,8.879739421,-5.844449171e-09,-5.811913598e-07
H2O,8.899782851,4.375937442e-12,-9.040659746e-09
H2O,8.919826281,1.657117757e-09,-1.370668485e-07
H2O,8.93986971,4.744979365e-09,-1.522416786e-07
H2O,8.95991314,7.006032468e-09,-5.456514994e-08
H2O,8.97995657,6.178348777e-09,1.559627374e-07
H2O,9.0,0.0,4.793419835e-07
CO2,0.0005,76.28700846,26.22534907
CO2,0.020536862,75.76153476,26.22534913
CO2,0.04057372401,75.23606106,26.22534918
CO2,0.06061058601,74.71058735,26.22534923
CO2,0.08064744802,74.18511365,26.22534929
CO2,0.10068431,73.65963994,26.22534934
CO2,0.120721172,73.13416624,26.22534947
CO2,0.140758034,72.60869253,26.22534954
CO2,0.160794896,72.08321882,26.22534954
CO2,0.180831758,71.55774511,26.22534948
CO2,0.20086862,71.0322714,26.22534936
CO2,0.220905482,70.5067977,26.2253492
CO2,0.240942344,69.981324,26.22534913
CO2,0.260979206,69.45585029,26.22534913
CO2,0.2810160681,68.93037659,26.22534922
CO2,0.3010529301,68.40490289,26.2253494
CO2,0.3210897921,67.87942918,26.22534947
CO2,0.3411266541,67.35395547,26.2253495
CO2,0.3611635161,66.82848176,26.2253495
CO2,0.3812003781,66.30300805,26.22534949
CO2,0.4012372401,65.77753434,26.22534945
CO2,0.4212741021,65.25206064,26.22534943
CO2,0.4413109641,64.72658693,26.22534942
CO2,0.4613478261,64.20111322,26.2253494
CO2,0.4813846881,63.67563952,26.22534939
CO2,0.5014215501,63.15016581,26.22534937
CO2,0.5214584121,62.6246921,26.22534923
CO2,0.5414952741,62.0992184,26.22534913
CO2,0.5615321361,61.5737447,26.2253491
CO2,0.5815689981,61.048271,26.22534915
CO2,0.6016058601,60.5227973,26.22534928
CO2,0.6216427221,59.99732359,26.22534946
CO2,0.6416795841,59.47184988,26.22534957
CO2,0.6617164461,58.94637617,26.22534959
CO2,0.6817533081,58.42090246,26.22534954
CO2,0.7017901701,57.89542875,26.2253494
CO2,0.7218270321,57.36995505,26.2253492
CO2,0.7418638941,56.84448134,26.2253491
CO2,0.7619007561,56.31900764,26.22534909
CO2,0.7819376181,55.79353394,26.22534917
CO2,0.8019744802,55.26806024,26.22534935
CO2,0.8220113422,54.74258653,26.22534946
CO2,0.8420482042,54.21711282,26.22534949
CO2,0.8620850662,53.69163911,26.22534952
CO2,0.8821219282,53.1661654,26.22534954
CO2,0.9021587902,52.64069169,26.22534954
CO2,0.9221956522,52.11521798,26.2253496
CO2,0.9422325142,51.58974427,26.22534965
CO2,0.9622693762,51.06427056,26.22534966
CO2,0.9823062382,50.53879685,26.22534962
CO2,1.0023431,50.01332314,26.22534953
CO2,1.022379962,49.48784943,26.22534917
CO2,1.042416824,48.96237573,26.22534883
CO2,1.062453686,48.43690204,26.22534871
CO2,1.082490548,47.91142835,26.22534882
CO2,1.10252741,47.38595465,26.22534914
CO2,1.122564272,46.86048094,26.22534938
CO2,1.142601134,46.33500723,26.22534943
CO2,1.162637996,45.80953353,26.22534944
CO2,1.182674858,45.28405982,26.22534942
CO2,1.20271172,44.75858611,26.22534937
CO2,1.222748582,44.23311241,26.22534931
CO2,1.242785444,43.7076387,26.22534928
CO2,1.262822306,43.182165,26.22534928
CO2,1.282859168,42.65669129,26.2253493
CO2,1.30289603,42.13121759,26.22534937
CO2,1.322932892,41.60574388,26.22534945
CO2,1.342969754,41.08027017,26.22534952
CO2,1.363006616,40.55479646,26.22534955
CO2,1.383043478,40.02932275,26.22534953
CO2,1.40308034,39.50384904,26.22534948
CO2,1.423117202,38.97837534,26.22534944
CO2,1.443154064,38.45290163,26.22534943
CO2,1.463190926,37.92742792,26.22534941
CO2,1.483227788,37.40195421,26.22534939
CO2,1.50326465,36.87648051,26.22534937
CO2,1.523301512,36.3510068,26.22534933
CO2,1.543338374,35.8255331,26.2253493
CO2,1.563375236,35.30005939,26.22534928
CO2,1.583412098,34.77458569,26.22534929
CO2,1.60344896,34.24911198,26.22534933
CO2,1.623485822,33.72363828,26.22534937
CO2,1.643522684,33.19816457,26.22534939
CO2,1.663559546,32.67269086,26.22534941
CO2,1.683596408,32.14721715,26.22534942
CO2,1.70363327,31.62174345,26.22534943
CO2,1.723670132,31.09626974,26.22534946
CO2,1.743706994,30.57079603,26.22534953
CO2,1.763743856,30.04532232,26.22534955
CO2,1.783780718,29.51984861,26.22534953
CO2,1.80381758,28.9943749,26.22534947
CO2,1.823854442,28.46890119,26.22534934
CO2,1.843891304,27.94342749,26.22534918
CO2,1.863928166,27.41795379,26.22534911
CO2,1.883965028,26.89248009,26.22534914
CO2,1.90400189,26.36700639,26.22534926
CO2,1.924038752,25.84153268,26.22534941
CO2,1.944075614,25.31605897,26.22534941
CO2,1.964112476,24.79058527,26.22534941
CO2,1.984149338,24.26511156,26.22534941
CO2,2.0041862,23.73963785,26.22534941
CO2,2.024223062,23.21416414,26.22534941
CO2,2.044259924,22.68869044,26.22534941
CO2,2.064296786,22.16321673,26.22534941
CO2,2.084333648,21.63774302,26.22534941
CO2,2.10437051,21.11226932,26.22534941
CO2,2.124407372,20.58679561,26.22534939
CO2,2.144444234,20.0613219,26.22534933
CO2,2.164481096,19.5358482,26.22534929
CO2,2.184517958,19.01037449,26.22534927
CO2,2.20455482,18.48490079,26.22534928
CO2,2.224591682,17.95942708,26.22534932
CO2,2.244628544,17.43395338,26.22534938
CO2,2.264665406,16.90847967,26.22534942
CO2,2.284702268,16.38300596,26.22534944
CO2,2.30473913,15.85753226,26.22534943
CO2,2.324775992,15.33206288,26.22187421
CO2,2.344812854,14.80691012,26.19804708
CO2,2.364849716,14.28215916,26.1817688
CO2,2.384886578,13.75765873,26.17303936
CO2,2.40492344,13.23325758,26.17185878
CO2,2.424960302,12.7088389,26.13820351
CO2,2.444997164,12.18942039,25.72005525
CO2,2.465034026,11.677661,25.37370071
CO2,2.485070888,11.1721222,25.0991399
CO2,2.50510775,10.67136549,24.89637282
CO2,2.525144612,10.17398946,24.68759339
CO2,2.545181474,9.696111419,23.03815476
CO2,2.565218336,9.249728492,21.54387655
CO2,2.585255198,8.831731747,20.20475875
CO2,2.60529206,8.439012257,19.02080136
CO2,2.625328922,8.068461224,17.99064046
CO2,2.645365784,7.71895302,16.89608178
CO2,2.665402647,7.391364242,15.80273046
CO2,2.685439509,7.085670698,14.71058648
CO2,2.705476371,6.801848196,13.61964985
CO2,2.725513233,6.539872544,12.52992058
CO2,2.745550095,6.291834524,12.23058236
CO2,2.765586957,6.050624819,11.82394221
CO2,2.785623819,5.818889569,11.28487985
CO2,2.805660681,5.5992821,10.61339528
CO2,2.825697543,5.394455738,9.809488497
CO2,2.845734405,5.20018059,9.614746348
CO2,2.865771267,5.009755937,9.376879177
CO2,2.885808129,4.825047572,9.044169155
CO2,2.905844991,4.647955849,8.61661628
CO2,2.925881853,4.480381121,8.094220553
CO2,2.945918715,4.320304511,7.920209092
CO2,2.965955577,4.163258017,7.747534949
CO2,2.985992439,4.010153059,7.526780604
CO2,3.006029301,3.861953014,7.257946056
CO2,3.026066163,3.719621258,6.941031307
CO2,3.046103025,3.58212928,6.809605272
CO2,3.066139887,3.446913908,6.681233748
CO2,3.086176749,3.314620689,6.517927556
CO2,3.106213611,3.185949605,6.319686695
CO2,3.126250473,3.061600636,6.086511166
CO2,3.146287335,2.941066923,5.966837693
CO2,3.166324197,2.822581676,5.856095609
CO2,3.186361059,2.706543386,5.72259215
CO2,3.206397921,2.59340812,5.566327316
CO2,3.226434783,2.483631944,5.387301108
CO2,3.246471645,2.37687488,5.288443961
CO2,3.266508507,2.271717677,5.206080406
CO2,3.286545369,2.168321986,5.112616911
CO2,3.306582231,2.066910214,5.008053478
CO2,3.326619093,1.967704769,4.892390106
CO2,3.346655955,1.870614214,4.808837563
CO2,3.366692817,1.774960234,4.738997831
CO2,3.386729679,1.680703526,4.669367375
CO2,3.406766541,1.587839897,4.599946195
CO2,3.426803403,1.496365154,4.530734293
CO2,3.446840265,1.406426056,4.440755045
CO2,3.466877127,1.318401559,4.346346906
CO2,3.486913989,1.232217839,4.257015981
CO2,3.506950851,1.147773165,4.17276227
CO2,3.526987713,1.064965805,4.093585773
CO2,3.547024575,0.9841252204,3.955663945
CO2,3.567061437,0.906458722,3.799202628
CO2,3.587098299,0.8317766334,3.657772012
CO2,3.607135161,0.7597777866,3.531372098
CO2,3.627172023,0.6901610133,3.420002885
CO2,3.647208885,0.6229192472,3.276209774
CO2,3.667245747,0.5589443794,3.110109897
CO2,3.687282609,0.498261421,2.947624445
CO2,3.707319471,0.4407979503,2.788753417
CO2,3.727356333,0.3864815457,2.633496813
CO2,3.747393195,0.3351527883,2.495403716
CO2,3.767430057,0.2865372866,2.354486131
CO2,3.787466919,0.2409086207,2.197269617
CO2,3.807503781,0.1985933702,2.023754173
CO2,3.827540643,0.1599181143,1.833939799
CO2,3.847577505,0.1247844146,1.704544605
CO2,3.867614367,0.09145027172,1.619747808
CO2,3.887651229,0.05999488272,1.517014855
CO2,3.907688091,0.03077763185,1.396345747
CO2,3.927724953,0.004157903386,1.257740484
CO2,3.947761815,-0.0198922858,1.176375824
CO2,3.967798677,-0.0432087678,1.147970366
CO2,3.987835539,-0.06577501315,1.101490182
CO2,4.007872401,-0.08722886108,1.036935273
CO2,4.027909263,-0.1072081508,0.9543056377
CO2,4.047946125,-0.1255832419,0.9026424654
CO2,4.067982987,-0.1435870367,0.8927431253
CO2,4.088019849,-0.1612913907,0.8727534624
CO2,4.108056711,-0.1784941253,0.8426734768
CO2,4.128093573,-0.1949930622,0.8025031683
CO2,4.148130435,-0.2106864687,0.7753270571
CO2,4.168167297,-0.2261961218,0.7721393837
CO2,4.188204159,-0.2416030999,0.7650784368
CO2,4.208241021,-0.2568297946,0.7541442163
CO2,4.228277883,-0.2717985976,0.7393367222
CO2,4.248314745,-0.2864637082,0.7286384067
CO2,4.268351607,-0.3010528442,0.7272285423
CO2,4.288388469,-0.3155919302,0.7236426135
CO2,4.308425331,-0.3300373648,0.7178806203
CO2,4.328462193,-0.3443455463,0.7099425626
CO2,4.348499055,-0.3584846027,0.7030915556
CO2,4.368535917,-0.3725498054,0.7006925291
CO2,4.388572779,-0.3865580068,0.6974019009
CO2,4.408609641,-0.4004913418,0.6932196709
CO2,4.428646503,-0.4143319456,0.6881458391
CO2,4.448683365,-0.4280655051,0.6832932209
CO2,4.468720227,-0.4417288742,0.6805525949
CO2,4.488757089,-0.4553386862,0.6779473632
CO2,4.508793951,-0.468897654,0.6754775258
CO2,4.528830813,-0.4824084905,0.6731430827
CO2,4.548867675,-0.4958720272,0.6702956652
CO2,4.568904537,-0.5092621119,0.666380228
CO2,4.588941399,-0.5225816065,0.6632496413
CO2,4.608978261,-0.535846237,0.6609039053
CO2,4.629015123,-0.5490717292,0.6593430198
CO2,4.649051985,-0.5622682033,0.6563108456
CO2,4.669088847,-0.5753277221,0.6474279481
CO2,4.689125709,-0.5882206456,0.6396819615
CO2,4.709162571,-0.6009697539,0.6330728856
CO2,4.729199433,-0.6135978271,0.6276007205
CO2,4.749236295,-0.6261204374,0.6198372893
CO2,4.769273157,-0.6383455637,0.6007445589
CO2,4.789310019,-0.650207264,0.5835615487
CO2,4.809346881,-0.661743803,0.5682882586
CO2,4.829383743,-0.6729934457,0.5549246885
CO2,4.849420605,-0.6839931489,0.5427025401
CO2,4.869457467,-0.6947177064,0.5278685351
CO2,4.889494329,-0.7051503466,0.5135645082
CO2,4.909531191,-0.7153016885,0.4997904593
CO2,4.929568053,-0.7251823512,0.4865463885
CO2,4.949604915,-0.7348035422,0.4742693919
CO2,4.969641777,-0.7442117497,0.4647194115
CO2,4.989678639,-0.7534225279,0.4545627858
CO2,5.009715501,-0.7624237216,0.4437995148
CO2,5.029752363,-0.7712031754,0.4324295984
CO2,5.049789225,-0.7797489116,0.420639887
CO2,5.069826087,-0.788074073,0.4103419753
CO2,5.089862949,-0.7961927348,0.400027913
CO2,5.109899811,-0.8041045733,0.3896977003
CO2,5.129936673,-0.811809265,0.3793513369
CO2,5.149973535,-0.8193064216,0.3688762069
CO2,5.170010397,-0.8265760131,0.3568423794
CO2,5.190047259,-0.8336103049,0.3453895176
CO2,5.210084121,-0.8404209376,0.3345176213
CO2,5.230120983,-0.8470195519,0.3242266907
CO2,5.250157845,-0.8534177764,0.3144521273
CO2,5.270194707,-0.8595890666,0.301495788
CO2,5.290231569,-0.8654980015,0.2882648632
CO2,5.310268431,-0.8711390792,0.274759353
CO2,5.330305293,-0.876506798,0.2609792572
CO2,5.350342155,-0.881595656,0.246924576
CO2,5.370379017,-0.8864206593,0.234510579
CO2,5.390415879,-0.8909844011,0.220800008
CO2,5.410452741,-0.8952599617,0.2057454887
CO2,5.430489603,-0.8992204128,0.1893470211
CO2,5.450526465,-0.9028388258,0.1716046052
CO2,5.470563327,-0.9062040386,0.1647616437
CO2,5.490600189,-0.9094323358,0.1572363783
CO2,5.510637051,-0.912495557,0.1482844202
CO2,5.530673913,-0.9153651159,0.1379057694
CO2,5.550710775,-0.918012426,0.1261004259
CO2,5.570747637,-0.920504377,0.1234258573
CO2,5.590784499,-0.9229512701,0.1206051255
CO2,5.610821361,-0.9253291314,0.1165353787
CO2,5.630858223,-0.9276129346,0.1112166169
CO2,5.650895085,-0.9297776533,0.1046488401
CO2,5.670931947,-0.9318413846,0.1019387168
CO2,5.690968809,-0.9338628013,0.09980935287
CO2,5.711005671,-0.9358402468,0.09754968794
CO2,5.731042533,-0.9377711103,0.09515972198
CO2,5.751079395,-0.939652781,0.092639455
CO2,5.771116257,-0.9414728405,0.08889752104
CO2,5.791153119,-0.9432191286,0.08551957832
CO2,5.811189981,-0.9449043185,0.08279893535
CO2,5.831226843,-0.9465415804,0.08073559214
CO2,5.851263705,-0.9481440845,0.07932954868
CO2,5.871300567,-0.9496728155,0.07202243361
CO2,5.891337429,-0.9510329758,0.06390294196
CO2,5.911374291,-0.952240039,0.05674087947
CO2,5.931411153,-0.9533131888,0.05053624615
CO2,5.951448015,-0.9542716092,0.04528904199
CO2,5.971484877,-0.955063442,0.03161403731
CO2,5.991521739,-0.9555399249,0.01617629227
CO2,6.011558601,-0.9557208909,0.002116707302
CO2,6.031595463,-0.9556339539,-0.0105647176
CO2,6.051632325,-0.955306728,-0.02186798242
CO2,6.071669187,-0.9547576504,-0.0331607101
CO2,6.091706049,-0.9539791689,-0.04448160525
CO2,6.111742911,-0.9529776159,-0.05542683177
CO2,6.131779773,-0.9517605184,-0.06599638965
CO2,6.151816635,-0.9503354038,-0.0761902789
CO2,6.171853497,-0.9487189479,-0.08470476116
CO2,6.191890359,-0.9469416942,-0.09273324881
CO2,6.211927221,-0.9450011942,-0.1009993626
CO2,6.231964083,-0.9428926866,-0.1095031026
CO2,6.252000945,-0.94061141,-0.1182444687
CO2,6.272037807,-0.9381519287,-0.1273425057
CO2,6.292074669,-0.9355052742,-0.1369088342
CO2,6.312111531,-0.9326625643,-0.1469119802
CO2,6.332148393,-0.9296150466,-0.1573519438
CO2,6.352185255,-0.9263539685,-0.1682287251
CO2,6.372222117,-0.9228760136,-0.1786531038
CO2,6.392258979,-0.9191926244,-0.1891229496
CO2,6.412295841,-0.9152925533,-0.2002814416
CO2,6.432332703,-0.9111620018,-0.2121285797
CO2,6.452369565,-0.9067871717,-0.2246643641
CO2,6.472406427,-0.9021783381,-0.2336186173
CO2,6.492443289,-0.8974345263,-0.2400242559
CO2,6.512480151,-0.8925542858,-0.2472363841
CO2,6.532517013,-0.8875214571,-0.255255002
CO2,6.552553875,-0.8823198808,-0.2640801094
CO2,6.572590737,-0.8769521544,-0.2701339478
CO2,6.592627599,-0.8715051658,-0.2736847765
CO2,6.612664461,-0.8659796993,-0.2779672938
CO2,6.632701323,-0.8603610943,-0.2829814994
CO2,6.652738185,-0.8546346899,-0.2887273936
CO2,6.672775047,-0.8487992017,-0.2925059232
CO2,6.692811909,-0.8429156567,-0.2950992126
CO2,6.712848771,-0.8369601309,-0.2996907757
CO2,6.732885633,-0.8308925849,-0.3062806125
CO2,6.752922495,-0.8246729798,-0.3148687231
CO2,6.772959357,-0.8182793377,-0.3213601614
CO2,6.792996219,-0.8118204561,-0.3233366381
CO2,6.813033081,-0.8053221594,-0.3252944245
CO2,6.833069943,-0.798784822,-0.3272335204
CO2,6.853106805,-0.7922088184,-0.3291539259
CO2,6.873143667,-0.7855944488,-0.331048925
CO2,6.893180529,-0.77894733,-0.3322887322
CO2,6.913217391,-0.772284467,-0.3326204454
CO2,6.933254253,-0.7656240551,-0.3320440645
CO2,6.953291115,-0.7589842899,-0.3305595895
CO2,6.973327977,-0.7523796245,-0.3291683225
CO2,6.993364839,-0.7457896432,-0.3284348164
CO2,7.013401701,-0.7392253365,-0.3266055925
CO2,7.033438563,-0.7327086591,-0.3236806509
CO2,7.053475425,-0.7262615657,-0.3196599915
CO2,7.073512287,-0.7199017372,-0.315855224
CO2,7.093549149,-0.7135853732,-0.3147227188
CO2,7.113586011,-0.7072854754,-0.3142116369
CO2,7.133622873,-0.7009895923,-0.3143219782
CO2,7.153659735,-0.6946852727,-0.3150537428
CO2,7.173696597,-0.6883614336,-0.3159356726
CO2,7.193733459,-0.682031177,-0.3159301729
CO2,7.213770321,-0.6757007439,-0.3159532882
CO2,7.233807183,-0.669369561,-0.3160050185
CO2,7.253844045,-0.6630370549,-0.3160853638
CO2,7.273880907,-0.6567025354,-0.3162381363
CO2,7.293917769,-0.6503637283,-0.3164577628
CO2,7.313954631,-0.6440216417,-0.3165654802
CO2,7.333991493,-0.637678518,-0.3165612884
CO2,7.354028355,-0.6313365995,-0.3164451875
CO2,7.374065217,-0.6249984017,-0.316094123
CO2,7.394102079,-0.6186728741,-0.315307829
CO2,7.414138941,-0.6123623258,-0.3145989455
CO2,7.434175803,-0.6060652058,-0.3139674725
CO2,7.454212665,-0.5997799629,-0.31341341
CO2,7.474249527,-0.5935054047,-0.3127395638
CO2,7.494286389,-0.5872537067,-0.3113097039
CO2,7.514323251,-0.5810288796,-0.31005741
CO2,7.534360113,-0.5748273657,-0.3089826822
CO2,7.554396975,-0.5686456069,-0.3080855205
CO2,7.574433837,-0.5624800202,-0.3073826474
CO2,7.594470699,-0.5563268288,-0.3067831813
CO2,7.614507561,-0.5501869292,-0.3060559152
CO2,7.634544423,-0.5440628821,-0.3052008494
CO2,7.654581285,-0.5379572482,-0.3042179836
CO2,7.674618147,-0.5318724841,-0.3032064387
CO2,7.694655009,-0.5257999666,-0.3029036894
CO2,7.714691871,-0.519734985,-0.3024542482
CO2,7.734728733,-0.5136804783,-0.301858115
CO2,7.754765595,-0.5076393859,-0.3011152898
CO2,7.774802457,-0.5016146197,-0.3002669318
CO2,7.794839319,-0.4956011179,-0.2999999397
CO2,7.814876181,-0.4895915833,-0.2998709362
CO2,7.834913043,-0.4835832511,-0.2998799213
CO2,7.854949905,-0.4775733565,-0.3000268951
CO2,7.874986767,-0.4715591367,-0.3003040942
CO2,7.895023629,-0.4655411237,-0.3003927989
CO2,7.915060491,-0.4595211691,-0.3004979019
CO2,7.935097353,-0.4534989442,-0.3006194032
CO2,7.955134216,-0.4474741206,-0.3007573026
CO2,7.975171078,-0.4414463696,-0.3009116004
CO2,7.99520794,-0.435404915,-0.3020573203
CO2,8.015244802,-0.429344877,-0.3027549912
CO2,8.035281664,-0.4232754653,-0.3029929707
CO2,8.055318526,-0.4172058906,-0.3027712588
CO2,8.075355388,-0.4111453637,-0.3020898554
CO2,8.09539225,-0.4051015367,-0.3011868977
CO2,8.115429112,-0.3990754494,-0.300319033
CO2,8.135465974,-0.3930664011,-0.299486132
CO2,8.155502836,-0.3870736913,-0.2986881947
CO2,8.175539698,-0.3810966193,-0.2979252211
CO2,8.19557656,-0.3751591934,-0.2945457674
CO2,8.215613422,-0.3692908552,-0.2912694201
CO2,8.235650284,-0.3634844995,-0.2883589334
CO2,8.255687146,-0.3577327954,-0.2858143071
CO2,8.275724008,-0.3520284122,-0.2836355414
CO2,8.29576087,-0.3463624872,-0.2819649086
CO2,8.315797732,-0.3407282262,-0.2804435855
CO2,8.335834594,-0.3351233097,-0.2790358516
CO2,8.355871456,-0.3295454618,-0.277741707
CO2,8.375908318,-0.3239924065,-0.2765611517
CO2,8.39594518,-0.3184617245,-0.2755014639
CO2,8.415982042,-0.3129518244,-0.2744798691
CO2,8.436018904,-0.3074620942,-0.2734881874
CO2,8.456055766,-0.3019919345,-0.2725264188
CO2,8.476092628,-0.2965407459,-0.2715945632
CO2,8.49612949,-0.2911097485,-0.2703858722
CO2,8.516166352,-0.2857101843,-0.2684575793
CO2,8.536203214,-0.2803564469,-0.2658116131
CO2,8.556240076,-0.2750629163,-0.2624479736
CO2,8.576276938,-0.2698439725,-0.2583666608
CO2,8.5963138,-0.2646989918,-0.2556255231
CO2,8.616350662,-0.2595972459,-0.2536498041
CO2,8.636387524,-0.2545327243,-0.2519099416
CO2,8.656424386,-0.2495007012,-0.2504059357
CO2,8.676461248,-0.2444964507,-0.2491377862
CO2,8.69649811,-0.2395136985,-0.2483270786
CO2,8.716534972,-0.2345426676,-0.2479161377
CO2,8.736571834,-0.2295765854,-0.2478331261
CO2,8.756608696,-0.2246088811,-0.2480780437
CO2,8.776645558,-0.2196329841,-0.2486508905
CO2,8.79668242,-0.2146397781,-0.249852684
CO2,8.816719282,-0.2096233649,-0.2507725387
CO2,8.836756144,-0.2045941244,-0.2511330615
CO2,8.856793006,-0.1995632637,-0.2509342524
CO2,8.876829868,-0.1945419902,-0.2501761114
CO2,8.89686673,-0.1895519042,-0.2473075613
CO2,8.916903592,-0.1846337154,-0.2436344244
CO2,8.936940454,-0.1797874473,-0.2401287178
CO2,8.956977316,-0.1750097451,-0.2367904414
CO2,8.977014178,-0.1702972542,-0.2336195953
CO2,8.99705104,-0.1656683189,-0.2270862495
CO2,9.017087902,-0.161202503,-0.2187650605
CO2,9.037124764,-0.1568979297,-0.2109916475
CO2,9.057161626,-0.1527436234,-0.2037660106
CO2,9.077198488,-0.1487286083,-0.1970881498
CO2,9.09723535,-0.1448293005,-0.1931266805
CO2,9.117272212,-0.1409823138,-0.1908522066
CO2,9.137309074,-0.1371816251,-0.1885053825
CO2,9.157345936,-0.1334286843,-0.1860862081
CO2,9.177382798,-0.129724941,-0.1835946834
CO2,9.19741966,-0.1260672765,-0.1818801323
CO2,9.217456522,-0.1224340246,-0.1807446349
CO2,9.237493384,-0.1188254484,-0.1794171075
CO2,9.257530246,-0.1152453955,-0.1778975502
CO2,9.277567108,-0.1116977136,-0.176185963
CO2,9.29760397,-0.1081865217,-0.1742023858
CO2,9.317640832,-0.1047219456,-0.1714827105
CO2,9.337677694,-0.1013199858,-0.1679522807
CO2,9.357714556,-0.09799688728,-0.1636110964
CO2,9.377751418,-0.09476889492,-0.1584591575
CO2,9.39778828,-0.09164561911,-0.1539717834
CO2,9.417825142,-0.08859037114,-0.1509834168
CO2,9.437862004,-0.08559545268,-0.1479499315
CO2,9.457898866,-0.08266176777,-0.1448713277
CO2,9.477935728,-0.07979022043,-0.1417476052
CO2,9.49797259,-0.07697628916,-0.1398729453
CO2,9.518009452,-0.07417451668,-0.1397917666
CO2,9.538046314,-0.07137419593,-0.1397280384
CO2,9.558083176,-0.06857497728,-0.1396817605
CO2,9.578120038,-0.06577651106,-0.139652933
CO2,9.5981569,-0.0629786997,-0.1395758862
CO2,9.618193762,-0.06018365092,-0.1394202746
CO2,9.638230624,-0.05739139006,-0.1392976073
CO2,9.658267486,-0.05460125701,-0.1392078842
CO2,9.678304348,-0.05181259169,-0.1391511054
CO2,9.69834121,-0.04902249251,-0.1396237813
CO2,9.718378072,-0.04625060425,-0.1357330792
CO2,9.738414934,-0.04363614079,-0.1239102629
CO2,9.758451796,-0.0413380368,-0.1041553325
CO2,9.778488658,-0.03951522696,-0.07646828809
CO2,9.79852552,-0.03829139756,-0.05251700887
CO2,9.818562382,-0.03723988251,-0.05244630384
CO2,9.838599244,-0.0361894682,-0.05240713885
CO2,9.858636106,-0.03513952264,-0.05239951392
CO2,9.878672968,-0.03408941388,-0.05242342904
CO2,9.89870983,-0.03304071841,-0.0516745442
CO2,9.918746692,-0.03202592275,-0.04993727179
CO2,9.938783554,-0.03102676474,-0.0501136567
CO2,9.958820416,-0.03000490068,-0.05220369893
CO2,9.978857278,-0.02892198688,-0.05620739848
CO2,9.99889414,-0.02772331922,-0.06915239557
CO2,10.018931,-0.02601463599,-0.09948319723
CO2,10.03896786,-0.02381353375,-0.1183037066
CO2,10.05900473,-0.02135064262,-0.1256139235
CO2,10.07904159,-0.01885659276,-0.1214138482
CO2,10.09907845,-0.01655464865,-0.1096321705
CO2,10.11911531,-0.01435593267,-0.1098141047
CO2,10.13915217,-0.01215482299,-0.1098710991
CO2,10.15918904,-0.00995382303,-0.1098031539
CO2,10.1792259,-0.007755436176,-0.1096102689
CO2,10.19926276,-0.005569110855,-0.1047607025
CO2,10.21929962,-0.003753610742,-0.07718986199
CO2,10.23933648,-0.002446389377,-0.05402633619
CO2,10.25937335,-0.001559138004,-0.03527012512
CO2,10.27941021,-0.001003547865,-0.02092122877
CO2,10.29944707,-0.0006903851287,-0.01177681394
CO2,10.31948393,-0.0004667166787,-0.01045781385
CO2,10.33952079,-0.0002749510451,-0.008592401494
CO2,10.35955766,-0.0001260366151,-0.006180576871
CO2,10.37959452,-3.092177576e-05,-0.003222339981
CO2,10.39963138,-3.367674914e-07,-4.00952659e-06
CO2,10.41966824,-2.5003171e-07,-4.535853877e-06
CO2,10.4397051,-1.594968418e-07,-4.388736363e-06
CO2,10.45974197,-7.865660713e-08,-3.568174048e-06
CO2,10.47977883,-2.100472664e-08,-2.07416693e-06
CO2,10.49981569,1.094745599e-11,-2.696359268e-08
CO2,10.51985255,5.79949873e-09,-4.839900891e-07
CO2,10.53988941,1.672784444e-08,-5.399974631e-07
CO2,10.55992628,2.476081976e-08,-1.949857148e-07
CO2,10.57996314,2.186325989e-08,5.510451558e-07
CO2,10.6,0.0,1.698095149e-06
