iteration,loss,learning_rate,vacf_rmse,full_vacf_rmse,regularization,memory_second_diff,filter_first_diff,filter_second_diff,filter_tail,filter_norm
0,0.05983275904422627,0.003,0.24460735688900748,0.24472975237171754,0.0,0.00010336657445208283,1.6226583042767735e-08,1.1654379915475648e-12,0.0,0.8138214563675139
1,0.038059388821888224,0.003,0.19508815653926362,0.19518577383661037,0.0,0.0001098711434168889,1.5744778567326595e-07,2.8851689622793885e-07,0.0,0.823203351496299
2,0.02992405154204723,0.003,0.17298569750718476,0.17307225527968031,0.0,0.00011503992052767846,1.7454118282323098e-07,2.883535564520861e-07,0.0,0.828178232469876
3,0.027019590461212387,0.003,0.1643763683173843,0.16445861819409374,0.0,0.00011785964486812221,1.9119792677697674e-07,2.8838044295640487e-07,0.0,0.8297278592240092
4,0.024786487563794445,0.003,0.15743724960692893,0.1575160273199432,0.0,0.00011875780263866945,2.0842198355350716e-07,2.8843605381756545e-07,0.0,0.8288244891968126
5,0.02290908111981379,0.003,0.15135746139458664,0.15143319693167262,0.0,0.00011825539267938253,2.2650425801880787e-07,2.88506464004636e-07,0.0,0.8263555788253905
6,0.02170850552333637,0.003,0.1473380654255253,0.1474117897560961,0.0,0.00011686713088784222,2.455710391946569e-07,2.885896972962596e-07,0.0,0.8233886148015331
7,0.02108635236529868,0.003,0.14521140576861957,0.14528406597119936,0.0,0.00011521278045518361,2.6561577201189635e-07,2.8868399001135817e-07,0.0,0.8208212450811184
8,0.020529536666086232,0.003,0.1432813200179501,0.14335301445326873,0.0,0.00011379774458026459,2.8618130398741193e-07,2.8878421187791735e-07,0.0,0.8190180996851968
9,0.019563687411457437,0.003,0.13987025206046294,0.13994023968158542,0.0,0.0001128158987856947,3.064582358837467e-07,2.8888381330646943e-07,0.0,0.8179821379364267
10,0.018124627227868402,0.003,0.13462773573030337,0.13469510012567742,0.0,0.00011226033537632502,3.2608378829728897e-07,2.8897908851308604e-07,0.0,0.8176311304790667
11,0.016447480789131524,0.003,0.12824773210131837,0.12831190410038107,0.0,0.00011208135835988212,3.452072921122479e-07,2.89070933762616e-07,0.0,0.8178355443108546
12,0.014832269925307109,0.003,0.12178780696484812,0.12184874657685017,0.0,0.0001122066321149746,3.639898601496471e-07,2.891611796020901e-07,0.0,0.818403013834679
13,0.01351911965595643,0.003,0.1162717491738919,0.11632992868675152,0.0,0.00011253109916407392,3.823851632176151e-07,2.892493387183994e-07,0.0,0.8191120863890644
14,0.012631662171076618,0.003,0.1123906676333788,0.11244690514884868,0.0,0.00011293379686555665,4.001581294937488e-07,2.893320494289648e-07,0.0,0.8197800452432772
15,0.012178264079582342,0.003,0.11035517241879668,0.11041039142271192,0.0,0.00011331416104274871,4.169883173964942e-07,2.8940389158161005e-07,0.0,0.8203227366411082
16,0.012093403322360833,0.003,0.10997001101373426,0.11002503729239098,0.0,0.00011362525289308,4.32599834828713e-07,2.8945943488132435e-07,0.0,0.8207758660192004
17,0.012277492052581803,0.003,0.11080384493591278,0.1108592884444791,0.0,0.00011388637922435674,4.468748030994773e-07,2.8949615245272054e-07,0.0,0.8212764723959605
18,0.012621358717427018,0.003,0.11234482060792575,0.11240103518267594,0.0,0.00011417346924651002,4.598988242659113e-07,2.895163318727492e-07,0.0,0.8220218192813159
19,0.013022597977690054,0.003,0.11411659816910971,0.11417369929761126,0.0,0.00011459670004874204,4.719164080749398e-07,2.895260613210985e-07,0.0,0.8232222099617461
20,0.013398583085654132,0.003,0.1157522487282823,0.11581016829594397,0.0,0.00011527505038306634,4.832392563260399e-07,2.8953212338292273e-07,0.0,0.8250585035893029
21,0.013695089632771423,0.003,0.1170260211780757,0.11708457811002534,0.0,0.00011631395460394697,4.94170876173298e-07,2.8953952570536225e-07,0.0,0.8276519498155567
22,0.013888093524092017,0.003,0.11784775570239774,0.11790672381001699,0.0,0.0001177897624441201,5.049722883232441e-07,2.8955095309985307e-07,0.0,0.8310511948618112
23,0.01397837823585916,0.003,0.11823019172723674,0.11828935119640156,0.0,0.00011974287411344935,5.158580997352003e-07,2.8956742243857665e-07,0.0,0.8352370941451419
24,0.013982120749698247,0.003,0.11824601790207671,0.1183051852902687,0.0,0.00012217949480805134,5.270061328818994e-07,2.8958910224038225e-07,0.0,0.8401405576682098
25,0.01392271701624461,0.003,0.11799456350291995,0.11805360506953831,0.0,0.00012507970683778516,5.385695855811847e-07,2.8961584727358115e-07,0.0,0.8456633764064346
26,0.013827114338075456,0.003,0.11758875089937582,0.11764758940738576,0.0,0.00012840698110116173,5.506839026530675e-07,2.89647434129604e-07,0.0,0.8516909212516441
27,0.013724335270206141,0.003,0.11715090810662178,0.11720952752890736,0.0,0.0001321132213194399,5.634619073810802e-07,2.8968360140494345e-07,0.0,0.858093412094067
28,0.01364022886003426,0.003,0.1167913903506344,0.11684982987911038,0.0,0.0001361371842638117,5.769764841532903e-07,2.897239827141049e-07,0.0,0.8647253690256015
29,0.013587211477263227,0.003,0.11656419466226851,0.11662252050763086,0.0,0.0001404017531946391,5.912406895168823e-07,2.897680010833184e-07,0.0,0.8714366689493864
30,0.013557765089815661,0.003,0.11643781640779623,0.11649607901659996,0.0,0.0001448189668507012,6.062009831971562e-07,2.8981479404760944e-07,0.0,0.8780945509977715
31,0.013531343110871905,0.003,0.11632430146307307,0.11638250727180084,0.0,0.00014930379708796013,6.217495561458024e-07,2.8986322031513576e-07,0.0,0.8845984195604281
32,0.013490286763139129,0.003,0.11614769374868848,0.11620581118727592,0.0,0.0001537853918221918,6.377427392667417e-07,2.899119334127717e-07,0.0,0.8908732085092791
33,0.013429228465407679,0.003,0.11588454800105008,0.11594253376800175,0.0,0.00015820481388675926,6.540087247235548e-07,2.8995946947369673e-07,0.0,0.8968502679948729
34,0.013350634274468075,0.003,0.11554494482437591,0.11560276066228183,0.0,0.00016250330813567343,6.703472243498666e-07,2.9000435217037474e-07,0.0,0.9024575055351257
35,0.01325493037114121,0.003,0.1151300585040293,0.11518766674306291,0.0,0.00016661582611018008,6.865392099650761e-07,2.9004526417444236e-07,0.0,0.9076281244502346
36,0.013136864949787287,0.003,0.11461616356250669,0.1146735146611982,0.0,0.00017047785122455204,7.023742716651392e-07,2.900812628501435e-07,0.0,0.9123175928840459
37,0.012989740686514158,0.003,0.11397254356429078,0.11402957261142435,0.0,0.00017403932601978286,7.176816348017287e-07,2.901119228616568e-07,0.0,0.9165143249251819
38,0.012810839776050706,0.003,0.11318498034655794,0.11324161531650014,0.0,0.00017727485036179226,7.323468558465142e-07,2.9013732089776286e-07,0.0,0.9202404169159328
39,0.012603128594297896,0.003,0.11226365660487768,0.11231983056716446,0.0,0.00018018639327746294,7.463110853249819e-07,2.901578975513841e-07,0.0,0.9235477971030683
40,0.012373964111147235,0.003,0.111238321234848,0.11129398214462831,0.0,0.0001828018631944525,7.59562064189349e-07,2.9017429159707264e-07,0.0,0.9265143859581185
41,0.012133305837062748,0.003,0.1101512861344013,0.11020640311865323,0.0,0.00018517298217017299,7.72125083854136e-07,2.9018721253919844e-07,0.0,0.9292402239410671
42,0.011892270188654212,0.003,0.10905168585883582,0.10910625263025593,0.0,0.00018737261963115874,7.840556408093291e-07,2.9019736654975606e-07,0.0,0.9318416262483665
43,0.01166154130627065,0.003,0.10798861655874036,0.10804265139652693,0.0,0.00018949023707442954,7.954321308394596e-07,2.90205423045903e-07,0.0,0.9344426155608172
44,0.011449396149890332,0.003,0.10700185115169893,0.10705539223643631,0.0,0.0001916249733790169,8.063474552675704e-07,2.9021200358877394e-07,0.0,0.9371645050577643
45,0.011259841586431027,0.003,0.10611240071938353,0.10616549674508266,0.0,0.00019387715433886787,8.168998480918452e-07,2.9021767856648474e-07,0.0,0.940115075187037
46,0.011091638139234722,0.003,0.10531684641706056,0.10536954436702685,0.0,0.0001963394031007532,8.271837726470023e-07,2.902229623538505e-07,0.0,0.9433785601659159
47,0.0109387229875007,0.003,0.10458835015192036,0.10464068358034011,0.0,0.00019908824030258725,8.372815314067723e-07,2.9022830226280267e-07,0.0,0.9470073329378342
48,0.010792041727306306,0.003,0.10388475214056347,0.10393673350590822,0.0,0.00020217670699981637,8.472560095089177e-07,2.9023406096109746e-07,0.0,0.9510160484787958
49,0.010642285930140712,0.003,0.10316145564182735,0.10321307508746032,0.0,0.00020562842909294693,8.571450364814378e-07,2.9024049620222137e-07,0.0,0.9553789562825931
50,0.010482657776158255,0.003,0.10238485130212503,0.10243608215411863,0.0,0.00020943361104356454,8.669580111724578e-07,2.9024774453682366e-07,0.0,0.9600309034032064
51,0.010310701217745582,0.003,0.10154162308012209,0.10159243200153034,0.0,0.00021354750594247123,8.766753831624678e-07,2.9025581568638523e-07,0.0,0.9648721420604729
52,0.01012856508482702,0.003,0.10064077247729679,0.10069113063530291,0.0,0.00021789182703063796,8.86251229450466e-07,2.902646012803721e-07,0.0,0.9697765351486101
53,0.009941705286314498,0.003,0.09970810040470382,0.0997579918766299,0.0,0.00022235932913190092,8.956186802580231e-07,2.902738974169347e-07,0.0,0.9746022869493987
54,0.009756667854885707,0.003,0.09877584651566246,0.09882527151075723,0.0,0.00022682144617184046,9.046975550206418e-07,2.902834372638571e-07,0.0,0.9792040168943467
55,0.009578882738768705,0.003,0.09787176681131646,0.09792073942724637,0.0,0.0002311384659022862,9.13403339366346e-07,2.9029292861589705e-07,0.0,0.9834448550042896
56,0.009411233939881164,0.003,0.09701151447060892,0.0970600566375048,0.0,0.00023517129093343902,9.21656498659996e-07,2.903020913501644e-07,0.0,0.9872072568316849
57,0.009253720841280098,0.003,0.09619626209619632,0.09624439633093035,0.0,0.00023879345367727988,9.293910355539021e-07,2.903106901581518e-07,0.0,0.9904014204039469
58,0.009104061555722244,0.003,0.09541520610323202,0.09546294951682929,0.0,0.0002419018546652908,9.365612168482173e-07,2.9031855859540633e-07,0.0,0.9929705404241508
59,0.008958810358624192,0.003,0.09465099238055664,0.0946983534004734,0.0,0.0002444248029533873,9.431456178496384e-07,2.90325611751128e-07,0.0,0.994892607013358
60,0.00881451934999535,0.003,0.09388567169699193,0.09393264976933227,0.0,0.0002463263762881471,9.49148075103476e-07,2.9033184684909e-07,0.0,0.9961789424051517
61,0.008668605178229288,0.003,0.0931053445202223,0.09315193213610751,0.0,0.00024760677264661193,9.54595685379827e-07,2.903373333629699e-07,0.0,0.9968700557628125
62,0.008519776636220219,0.003,0.09230263612822885,0.09234882208865135,0.0,0.00024829899773659906,9.595344635102273e-07,2.9034219594319163e-07,0.0,0.9970296175670054
63,0.008368047586557108,0.003,0.09147703310972163,0.09152280595877552,0.0,0.00024846274715215375,9.640235453794057e-07,2.9034659405040093e-07,0.0,0.9967374103356959
64,0.008214457890762385,0.003,0.09063364657103004,0.09067899741028082,0.0,0.00024817660628693484,9.68128870256349e-07,2.9035070170183435e-07,0.0,0.9960820451403983
65,0.008060652186526513,0.003,0.08978113491444911,0.0898260591779131,0.0,0.00024752970931539713,9.719171565309829e-07,2.9035468964059695e-07,0.0,0.9951540968173833
66,0.007908445739455237,0.003,0.08892944247804119,0.08897394057563592,0.0,0.00024661383402249583,9.754507803601804e-07,2.9035871109516293e-07,0.0,0.9940401467977251
67,0.007759465396572309,0.003,0.08808782774352146,0.08813190471788017,0.0,0.00024551664466298037,9.7878394339362e-07,2.903628914640053e-07,0.0,0.9928180569715428
68,0.0076149112310172915,0.003,0.08726345873856532,0.08730712321902534,0.0,0.00024431650478741517,9.819603088066135e-07,2.9036732182182794e-07,0.0,0.9915536452597115
69,0.007475449500849898,0.003,0.08646068182040839,0.0865039446111169,0.0,0.0002430790197856911,9.850121073096588e-07,2.9037205599697706e-07,0.0,0.9902988012613224
70,0.0073412214418960625,0.003,0.08568092811061317,0.08572380073181525,0.0,0.00024185526479045009,9.8796057030409e-07,2.9037711095014437e-07,0.0,0.9890909718868361
71,0.007211934526428372,0.003,0.08492310949575724,0.08496560292323288,0.0,0.00024068151612792265,9.90817438109664e-07,2.903824701564732e-07,0.0,0.9879538622237815
72,0.007086993869324575,0.003,0.08418428516845988,0.08422640890648168,0.0,0.000239580226286421,9.935872197388808e-07,2.9038808958823023e-07,0.0,0.9868991336062968
73,0.006965633190629156,0.003,0.08346036898210525,0.08350213049033887,0.0,0.00023856194741730027,9.962698486343273e-07,2.9039390571603176e-07,0.0,0.9859288361728232
74,0.006847016937442755,0.003,0.0827467034838413,0.08278810789147803,0.0,0.0002376278997369403,9.988633852913562e-07,2.9039984474660176e-07,0.0,0.9850382858146964
75,0.00673030339708243,0.003,0.08203842634450292,0.08207947634774451,0.0,0.00023677288656063692,1.001366458907278e-06,2.904058321668835e-07,0.0,0.9842190862144263
76,0.006614675295946265,0.003,0.08133065409761725,0.08137134994909943,0.0,0.00023598827168514033,1.0037802093447256e-06,2.904118016271627e-07,0.0,0.9834620076887363
77,0.00649935270564641,0.003,0.0806185630338721,0.08065890257256554,0.0,0.0002352647579087209,1.006109578350334e-06,2.9041770229439716e-07,0.0,0.9827594670871139
78,0.006383601108978832,0.003,0.07989744119168543,0.07993741989881153,0.0,0.00023459474079936342,1.008363893530836e-06,2.9042350402706904e-07,0.0,0.9821074059006414
79,0.006266739035814864,0.003,0.07916273767256199,0.07920234875218492,0.0,0.0002339740617613509,1.0105567773114076e-06,2.904292000211684e-07,0.0,0.9815064327456676
80,0.006148141711958093,0.003,0.07841008679983777,0.07844932127154486,0.0,0.00023340304816576405,1.0127054841070324e-06,2.904348068961803e-07,0.0,0.9809621746811548
81,0.006027235372457488,0.003,0.07763527144576418,0.07767411821899613,0.0,0.00023288680109554268,1.0148298139652197e-06,2.9044036247518214e-07,0.0,0.9804848613491822
82,0.005903482453501178,0.003,0.07683412297606564,0.07687256887438149,0.0,0.00023243476553238459,1.0169507677158913e-06,2.904459217242201e-07,0.0,0.9800882388444546
83,0.005776367094644987,0.003,0.07600241505797686,0.07604044479018306,0.0,0.00023205968504183715,1.0190891014676364e-06,2.9045155143568487e-07,0.0,0.9797879698566822
84,0.005645397136734214,0.003,0.07513585786250274,0.07517345399088121,0.0,0.00023177609566146068,1.0212639159711372e-06,2.9045732427350583e-07,0.0,0.9795997179524312
85,0.005510138170402808,0.003,0.07423030493270796,0.07426744794475594,0.0,0.0002315985466272227,1.023491388579945e-06,2.9046331276472196e-07,0.0,0.9795371336088711
86,0.0053702861545931015,0.003,0.07328223628269746,0.07331890490459818,0.0,0.0002315397466618098,1.0257837290098564e-06,2.9046958374549143e-07,0.0,0.9796099564903327
87,0.005225770998409042,0.003,0.07228949438479317,0.0723256662631562,0.0,0.00023160882465990114,1.0281484168854908e-06,2.9047619366713024e-07,0.0,0.9798224235086608
88,0.005076870104824666,0.003,0.07125215859764998,0.07128781141879408,0.0,0.0002318098661478141,1.0305877574411554e-06,2.904831850482208e-07,0.0,0.9801721291010355
89,0.004924303630951803,0.003,0.0701733826386601,0.07020849566694631,0.0,0.000232140847102479,1.0330987689372486e-06,2.904905842273146e-07,0.0,0.9806494290541916
90,0.004769284740814328,0.003,0.06906000825958775,0.0690945641828208,0.0,0.00023259304073557487,1.0356733903243517e-06,2.904984004346068e-07,0.0,0.9812374199034726
91,0.0046135074294820985,0.003,0.06792280492943514,0.06795679182419617,0.0,0.00023315092671417624,1.0382989724010425e-06,2.9050662607327186e-07,0.0,0.9819124704329715
92,0.004459067934633802,0.003,0.06677625277472375,0.06680966596309178,0.0,0.0002337925909540545,1.0409589943907718e-06,2.9051523799865885e-07,0.0,0.9826452366756372
93,0.0043083289127729555,0.003,0.06563786188453244,0.0656707054502027,0.0,0.0002344905707825777,1.0436339349162285e-06,2.905241995210789e-07,0.0,0.9834020609777449
94,0.004163745070763818,0.003,0.06452708788380132,0.06455937564558355,0.0,0.00023521307612846138,1.0463022242547617e-06,2.905334628427742e-07,0.0,0.9841466398813562
95,0.004027673402189162,0.003,0.06346395356569871,0.06349570936131399,0.0,0.00023592550183491705,1.0489412129411703e-06,2.905429716686396e-07,0.0,0.9848418425850909
96,0.003902191006504162,0.003,0.06246751961222858,0.06249877681689274,0.0,0.00023659213724343194,1.051528106835982e-06,2.9055266379089085e-07,0.0,0.9854515673507308
97,0.0037889400789848948,0.003,0.061554366855527766,0.06158516714109569,0.0,0.0002371779742268487,1.054040835733156e-06,2.905624735219607e-07,0.0,0.9859425326351192
98,0.0036890144986943436,0.003,0.06073725791221023,0.06076764933663506,0.0,0.0002376505114801988,1.0564588366687983e-06,2.9057233391906344e-07,0.0,0.9862859092144499
99,0.00360289645367538,0.003,0.06002413226091136,0.060054166854865386,0.0,0.00023798145003311108,1.0587637413185666e-06,2.905821787940251e-07,0.0,0.9864587078046403
100,0.00353044522348145,0.003,0.05941754979365482,0.05944728086871707,0.0,0.00023814817370491174,1.0609399588858402e-06,2.9059194452651665e-07,0.0,0.9864448451205845
101,0.0034709340651028413,0.003,0.05891463370931573,0.05894411313758497,0.0,0.00023813491183087847,1.0629751437819698e-06,2.9060157169928706e-07,0.0,0.9862358232533699
102,0.0034231259126279003,0.003,0.05850748595374698,0.058536761655330685,0.0,0.0002379334942552287,1.0648605345446445e-06,2.9061100655788145e-07,0.0,0.9858309758934823
103,0.00338537531489425,0.003,0.058183978163187246,0.05821309198945907,0.0,0.00023754363336307919,1.0665911498556094e-06,2.906202022748826e-07,0.0,0.9852372614999478
104,0.0033557434350235554,0.003,0.05792877898785331,0.057957765118757956,0.0,0.00023697270469194925,1.0681658306812772e-06,2.9062911997912957e-07,0.0,0.9844686163038566
105,0.003332114981211788,0.003,0.05772447471577189,0.05775335861786249,0.0,0.00023623504240368013,1.0695871241264556e-06,2.906377294997509e-07,0.0,0.9835449149071043
106,0.003312309704157076,0.003,0.057552668957721466,0.057581466892452145,0.0,0.00023535081167151703,1.0708610130334274e-06,2.906460097756848e-07,0.0,0.9824906180966944
107,0.003294185147098534,0.003,0.05739499235210799,0.05742371138935781,0.0,0.00023434455917620997,1.0719965039661414e-06,2.9065394889338344e-07,0.0,0.981333211867978
108,0.003275730334548463,0.003,0.05723399631817145,0.05726263479698044,0.0,0.00023324356931098676,1.0730050938739157e-06,2.906615437366771e-07,0.0,0.9801015557180782
109,0.0032551512906268494,0.003,0.05705393317403148,0.0570824815536884,0.0,0.00023207616429890551,1.0739001421359188e-06,2.906687992606949e-07,0.0,0.9788242611376021
110,0.003230948684731532,0.003,0.05684143457664956,0.05686987662725435,0.0,0.0002308700814586128,1.074696180127079e-06,2.90675727433169e-07,0.0,0.9775282136088242
111,0.0032019860824487882,0.003,0.05658609442653547,0.056614408711232786,0.0,0.0002296510431271155,1.0754081952969067e-06,2.906823459180305e-07,0.0,0.9762373350626982
112,0.003167545060966817,0.003,0.056280947584123144,0.05630910918087375,0.0,0.00022844160844701916,1.076050931030585e-06,2.9068867660405173e-07,0.0,0.9749716608684
113,0.0031273616309990485,0.003,0.05592281851801685,0.055950800915823995,0.0,0.00022726036569269568,1.0766382466270318e-06,2.9069474410126974e-07,0.0,0.9737467782707868
114,0.0030816376095446725,0.003,0.05551249957932603,0.05554027666366588,0.0,0.00022612149264625495,1.0771825822566577e-06,2.907005743357467e-07,0.0,0.9725736437911113
115,0.0030310212073959477,0.003,0.055054711037257724,0.05508225905551266,0.0,0.00022503468316885733,1.0776945700305824e-06,2.90706193365374e-07,0.0,0.9714587672607915
116,0.002976553304195292,0.003,0.05455779783124766,0.054585097206401714,0.0,0.00022400541183920607,1.0781828228061613e-06,2.907116265139936e-07,0.0,0.9704047215446381
117,0.002919579581560731,0.003,0.05403313410825557,0.054060170954635126,0.0,0.00022303548589505003,1.0786539165419267e-06,2.9071689787938375e-07,0.0,0.9694109113852943
118,0.002861633410652699,0.003,0.05349423717235997,0.05352100436801668,0.0,0.00022212381506423796,1.0791125610376082e-06,2.907220302176021e-07,0.0,0.9684745141453742
119,0.002804299287260011,0.003,0.052955635085040864,0.05298213277750967,0.0,0.00022126731584665125,1.0795619307739208e-06,2.907270451505094e-07,0.0,0.9675914917011142
120,0.002749070553916957,0.003,0.05243157973890313,0.0524578152070142,0.0,0.00022046185854253346,1.0800041067016142e-06,2.9073196359558067e-07,0.0,0.9667575683896806
121,0.002697217092325605,0.003,0.05193473878172109,0.051960725642882816,0.0,0.00021970316426827018,1.0804405658098778e-06,2.9073680628701984e-07,0.0,0.9659690761144469
122,0.002649678031607077,0.003,0.05147502337645975,0.05150078020738177,0.0,0.0002189875665936173,1.080872651444775e-06,2.9074159425062353e-07,0.0,0.9652235846217352
123,0.0026069914392886453,0.003,0.05105870581290369,0.05108425432879464,0.0,0.00021831256861923407,1.0813019645465008e-06,2.9074634911205687e-07,0.0,0.9645202611378151
124,0.002569268217630648,0.003,0.05068794943209528,0.05071331243064622,0.0,0.00021767715023283938,1.0817306324005656e-06,2.9075109315413975e-07,0.0,0.9638599360021659
125,0.0025362120448064475,0.003,0.050360818547819965,0.05038601785815237,0.0,0.00021708180937958515,1.0821614332413838e-06,2.907558490848748e-07,0.0,0.9632448855761941
126,0.0025071820127121496,0.003,0.05007176861977365,0.05009682329665791,0.0,0.00021652835180225943,1.08259777739943e-06,2.907606395251351e-07,0.0,0.9626783761316372
127,0.00248129003507135,0.003,0.049812548971833896,0.049837473941605724,0.0,0.00021601947183094483,1.083043564498685e-06,2.9076548626571973e-07,0.0,0.9621640386417997
128,0.0024575212394302745,0.003,0.049573392454322456,0.04959819775607704,0.0,0.00021555818886031462,1.0835029488282616e-06,2.90770409373198e-07,0.0,0.9617051614256427
129,0.0024348625536725695,0.003,0.04934432645879939,0.04936901714158482,0.0,0.00021514721763394264,1.0839800505316518e-06,2.9077542624037354e-07,0.0,0.9613039937504174
130,0.002412423002351097,0.003,0.04911642293928882,0.04914099958477939,0.0,0.00021478835419253033,1.0844786492822476e-06,2.907805506800603e-07,0.0,0.9609611484804599
131,0.002389529581054317,0.003,0.04888281478243982,0.04890727453617585,0.0,0.00021448195348983666,1.0850018912397723e-06,2.90785792151069e-07,0.0,0.960675176665084
132,0.002365785641106065,0.003,0.04863934252337366,0.0486636804496019,0.0,0.00021422656049140004,1.085552031392789e-06,2.9079115518517705e-07,0.0,0.9604423637260038
133,0.0023410845615166095,0.003,0.04838475546612393,0.048408966003273775,0.0,0.00021401873611535518,1.0861302240733444e-06,2.90796639056952e-07,0.0,0.9602567686887049
134,0.002315579246710624,0.003,0.04812046598600874,0.048144544279227305,0.0,0.00021385309525804634,1.0867363664720808e-06,2.9080223770970545e-07,0.0,0.9601104983525359
135,0.0022896159573667094,0.003,0.04784993163387707,0.04787387455838457,0.0,0.00021372254925935218,1.0873689949059637e-06,2.908079399258735e-07,0.0,0.9599941812178868
136,0.0022636471311932916,0.003,0.047577800823422806,0.047601607580390906,0.0,0.00021361872241721814,1.0880252321743853e-06,2.908137297132968e-07,0.0,0.9598975848105762
137,0.002238140577454692,0.003,0.047308990450597145,0.04733266270149087,0.0,0.00021353249418603595,1.0887007864127546e-06,2.90819586872418e-07,0.0,0.9598103072500604
138,0.0022135011548802233,0.003,0.04704786025825429,0.04707140184604634,0.0,0.00021345460748459626,1.089390006254844e-06,2.908254877125558e-07,0.0,0.9597224706102501
139,0.0021900164008815787,0.003,0.04679761105955708,0.04682102742882806,0.0,0.00021337628012808282,1.0900860018907313e-06,2.9083140589465164e-07,0.0,0.9596253493788508
140,0.0021678311278389138,0.003,0.0465599734518708,0.04658327091314951,0.0,0.00021328976065329892,1.0907808444472586e-06,2.908373133878815e-07,0.0,0.9595118803059702
141,0.0021469496133518762,0.003,0.04633518763695552,0.0463583726209618,0.0,0.0002131887804579294,1.0914658549648125e-06,2.90843181532843e-07,0.0,0.9593770174068947
142,0.002127259230705139,0.003,0.046122220574308204,0.04614529899485389,0.0,0.00021306886910087074,1.092131987907308e-06,2.908489822005978e-07,0.0,0.9592179148427954
143,0.0021085669808505463,0.003,0.045919135236310214,0.04594211203796638,0.0,0.00021292751630474902,1.0927703027418465e-06,2.908546890231834e-07,0.0,0.9590339381962242
144,0.002090640341614507,0.003,0.04572352066075519,0.04574639958170693,0.0,0.00021276418029427316,1.093372502215072e-06,2.908602786490835e-07,0.0,0.9588265194164176
145,0.0020732454653595712,0.003,0.04553290530330314,0.045555688845035774,0.0,0.00021258015577878923,1.09393150026403e-06,2.9086573195130417e-07,0.0,0.9585988814963529
146,0.0020561781151275395,0.003,0.0453451002328536,0.04536778980156536,0.0,0.00021237832509089124,1.0944419693485593e-06,2.90871035092706e-07,0.0,0.9583556656502583
147,0.0020392850375728303,0.003,0.04515844370184639,0.04518103987223807,0.0,0.0002121628224253006,1.0949008095247979e-06,2.9087618034025523e-07,0.0,0.9581024968355426
148,0.0020224752722314224,0.003,0.04497193871995538,0.044994441567858416,0.0,0.00021193864405209993,1.0953074820270137e-06,2.9088116652241764e-07,0.0,0.9578455235982459
149,0.0020057220929942414,0.003,0.04478528880105878,0.04480769825395027,0.0,0.0002117112373885283,1.0956641592759977e-06,2.9088599904483697e-07,0.0,0.9575909660922954
150,0.001989057005592912,0.003,0.04459884533923397,0.044621161500419934,0.0,0.00021148609956199075,1.0959756602372586e-06,2.908906894175171e-07,0.0,0.9573447022486633
151,0.001972557680462719,0.003,0.044413485344686914,0.044435708756307625,0.0,0.00021126841216095724,1.0962491626020609e-06,2.908952542971064e-07,0.0,0.9571119167949275
152,0.0019563320053662533,0.003,0.044230442066140976,0.04425257388742394,0.0,0.00021106273369199746,1.0964937080782792e-06,2.9089971410281107e-07,0.0,0.9568968313955378
153,0.00194050060107358,0.003,0.04405111350549019,0.044073155595188526,0.0,0.00021087276518075448,1.0967195405639045e-06,2.909040913151898e-07,0.0,0.9567025268672354
154,0.0019251800847355006,0.003,0.043876874144992375,0.043898829049616214,0.0,0.00021070119768810345,1.0969373358903558e-06,2.9090840860561405e-07,0.0,0.9565308606178701
155,0.0019104690239693993,0.003,0.0437089124089058,0.0437307832696234,0.0,0.00021054964363070974,1.0971573937831885e-06,2.9091268696489817e-07,0.0,0.9563824747272941
156,0.0018964379103851377,0.003,0.0435481102963738,0.04356990069568405,0.0,0.00021041864716623743,1.0973888664528119e-06,2.909169440001971e-07,0.0,0.9562568831397378
157,0.0018831237024983624,0.003,0.04339497323997749,0.04341668701328525,0.0,0.00021030776307683923,1.097639093736562e-06,2.9092119255054865e-07,0.0,0.956152620999292
158,0.0018705287199975535,0.003,0.04324960947797741,0.043271250514847294,0.0,0.00021021568911762273,1.0979131029349965e-06,2.909254397370217e-07,0.0,0.9560674358399102
159,0.0018586230920349268,0.003,0.043111751205847884,0.04313332326184173,0.0,0.00021014043414597583,1.0982133141525588e-06,2.909296865185198e-07,0.0,0.9559984994706971
160,0.0018473496851472207,0.003,0.0429808060085804,0.0430023125428302,0.0,0.00021007950375394584,1.098539471251012e-06,2.909339277746876e-07,0.0,0.955942620937589
161,0.0018366304703135836,0.003,0.04285592689831342,0.042877370946139366,0.0,0.00021003008653898685,1.0988887967862143e-06,2.909381528886594e-07,0.0,0.9558964444750594
162,0.0018263735393581984,0.003,0.04273609176513686,0.042757475850420563,0.0,0.0002099892272150748,1.09925634874266e-06,2.9094234675916357e-07,0.0,0.9558566211717657
163,0.0018164802936933538,0.003,0.04262018645774973,0.042641512546879,0.0,0.00020995397689175147,1.0996355394063775e-06,2.90946491137178e-07,0.0,0.9558199483067094
164,0.0018068525526040355,0.003,0.042507088263065436,0.04252835776065017,0.0,0.00020992151532149548,1.100018763776008e-06,2.909505661590482e-07,0.0,0.9557834751505153
165,0.0017973993772638897,0.003,0.04239574716010899,0.0424169609453545,0.0,0.0002098892440511092,1.1003980774356477e-06,2.909545519368304e-07,0.0,0.9557445778434166
166,0.0017880432889445064,0.003,0.04228526089483789,0.04230641939548386,0.0,0.00020985485268072465,1.1007658621936895e-06,2.90958430067714e-07,0.0,0.9557010084095446
167,0.0017787253695532028,0.003,0.04217493769471631,0.04219604099235652,0.0,0.00020981636253702887,1.1011154218958204e-06,2.909621849372043e-07,0.0,0.9556509239877796
168,0.001769408604743742,0.003,0.0420643388720629,0.04208538682878263,0.0,0.0002097721529511831,1.1014414600245654e-06,2.909658047139308e-07,0.0,0.9555929021317422
169,0.0017600788800646344,0.003,0.04195329403115606,0.04197428642377878,0.0,0.00020972097514610844,1.101740403951318e-06,2.909692819654842e-07,0.0,0.9555259468862255
170,0.0017507433143791893,0.003,0.041841884689616804,0.04186282133575542,0.0,0.00020966195776359793,1.1020105566230111e-06,2.9097261386173725e-07,0.0,0.9554494886783454
171,0.0017414260657500167,0.003,0.04173039738308296,0.04175127824372568,0.0,0.00020959460663663485,1.1022520734501083e-06,2.90975801971258e-07,0.0,0.9553633792553823
172,0.0017321622500378433,0.003,0.041619253357524845,0.04164007860444103,0.0,0.0002095187998702477,1.1024667785674244e-06,2.9097885169388155e-07,0.0,0.9552678812903946
173,0.001722991016349988,0.003,0.041508926947705936,0.041529696990010294,0.0,0.00020943477792355507,1.1026578489249266e-06,2.909817714046096e-07,0.0,0.9551636511133825
174,0.0017139489949717004,0.003,0.04139986708881685,0.041420582560260204,0.0,0.00020934312740448485,1.102829405545675e-06,2.9098457140765736e-07,0.0,0.9550517124667245
175,0.001705065212194421,0.003,0.0412924352901887,0.04131309700541221,0.0,0.00020924475683239233,1.1029860578401004e-06,2.9098726281244394e-07,0.0,0.9549334192820352
176,0.0016963581839253184,0.003,0.04118686907165096,0.041207477964144854,0.0,0.00020914086273580908,1.1031324486018354e-06,2.9098985644465613e-07,0.0,0.9548104061810294
177,0.0016878353676039778,0.003,0.041083273574582364,0.041103830630447015,0.0,0.00020903288508451376,1.1032728442106849e-06,2.9099236189542185e-07,0.0,0.9546845265727123
178,0.0016794946224228027,0.003,0.04098163762495104,0.0410021438246956,0.0,0.00020892245207892397,1.1034108070838008e-06,2.9099478679157546e-07,0.0,0.9545577796434707
179,0.0016713269436261322,0.003,0.04088186570627779,0.04090232198261735,0.0,0.00020881131554930797,1.103548976438074e-06,2.909971363423945e-07,0.0,0.954432228975613
180,0.001663319584995358,0.003,0.040783815233439824,0.04080422244774336,0.0,0.0002087012794421146,1.103688970216742e-06,2.9099941318624215e-07,0.0,0.9543099167552617
181,0.0016554587735611807,0.003,0.040687329398243634,0.0407076883334172,0.0,0.00020859412489536785,1.103831407104506e-06,2.910016175278532e-07,0.0,0.9541927783618156
182,0.001647731488914935,0.003,0.040592258977727946,0.040612570342010115,0.0,0.00020849153607672193,1.1039760345062193e-06,2.9100374752713024e-07,0.0,0.9540825624596836
183,0.0016401261210088084,0.003,0.04049847060086107,0.04051873503575484,0.0,0.00020839503119108257,1.1041219376788378e-06,2.910057998765044e-07,0.0,0.9539807615085616
184,0.0016326321286001418,0.003,0.04040584275324723,0.04042606083945277,0.0,0.0002083059028414295,1.104267798054842e-06,2.9100777048855565e-07,0.0,0.9538885569123677
185,0.0016252390224886807,0.003,0.040314253341574874,0.040334425598699895,0.0,0.00020822517129012497,1.1044121658703756e-06,2.910096552100023e-07,0.0,0.953806781934334
186,0.0016179350701100612,0.003,0.040223563617736074,0.04024369049596217,0.0,0.00020815355320696695,1.104553713634911e-06,2.9101145048246364e-07,0.0,0.9537359041458157
187,0.0016107060822355258,0.003,0.04013360290623714,0.040153684770344075,0.0,0.00020809144731649557,1.1046914423005862e-06,2.910131538834131e-07,0.0,0.9536760276936342
188,0.0016035345444394462,0.003,0.04004415743200806,0.04006419453980785,0.0,0.0002080389370946275,1.104824820272259e-06,2.9101476450031084e-07,0.0,0.9536269142107422
189,0.0015963992425348237,0.003,0.03995496517999764,0.03997495765819644,0.0,0.00020799580943307752,1.1049538453815369e-06,2.910162831141311e-07,0.0,0.9535880198935729
190,0.0015892754334328196,0.003,0.039865717520606844,0.039885665341480164,0.0,0.00020796158710064154,1.1050790302399002e-06,2.9101771219230277e-07,0.0,0.9535585452440146
191,0.0015821355413058978,0.003,0.039776067443953,0.039795970406141176,0.0,0.0002079355719774645,1.105201320672858e-06,2.910190557124584e-07,0.0,0.9535374933145591
192,0.0015749503089438146,0.003,0.0396856436125687,0.03970550132890396,0.0,0.0002079168954946804,1.1053219641516605e-06,2.9102031885505447e-07,0.0,0.9535237320549353
193,0.001567690296417441,0.003,0.03959406895505236,0.039613880849689725,0.0,0.00020790457251988498,1.1054423495813403e-06,2.9102150761328413e-07,0.0,0.9535160565451061
194,0.0015603275879919939,0.003,0.039500982114271464,0.039520747430551756,0.0,0.000207897555095113,1.1055638411956386e-06,2.9102262837228207e-07,0.0,0.9535132474701896
195,0.0015528375449266481,0.003,0.03940605974880828,0.03942577756828027,0.0,0.00020789478292280802,1.1056876277857238e-06,2.9102368750671417e-07,0.0,0.9535141230567014
196,0.0015452004322452258,0.003,0.03930903753903453,0.039328706810987955,0.0,0.00020789522823136094,1.1058146045356294e-06,2.9102469103758395e-07,0.0,0.9535175827180359
197,0.0015374027573693218,0.003,0.03920972784105141,0.039229347420883645,0.0,0.00020789793352689708,1.105945299087682e-06,2.910256443771461e-07,0.0,0.9535226417030912
198,0.0015294381888939959,0.003,0.03910803228102887,0.03912760097491345,0.0,0.00020790204162839506,1.106079846979578e-06,2.910265521770027e-07,0.0,0.9535284569630857
199,0.0015213079704116813,0.003,0.03900394813876771,0.03902346475151706,0.0,0.0002079068181674933,1.1062180151526782e-06,2.9102741828068113e-07,0.0,0.9535343451340788
200,0.00151302079903629,0.003,0.03889756803498504,0.03891703141775668,0.0,0.00020791166731544628,1.1063592666001643e-06,2.910282457698357e-07,0.0,0.9535397939093161
201,0.0015045921924882262,0.003,0.038789073106845776,0.03880848220143382,0.0,0.00020791614181941932,1.1065028549937876e-06,2.9102903708392623e-07,0.0,0.953544468134723
202,0.001496043415760056,0.003,0.03867872045143241,0.03869807432827598,0.0,0.00020791994847909188,1.1066479356570147e-06,2.9102979418750824e-07,0.0,0.9535482117448376
203,0.0014874000750404967,0.003,0.03856682609498086,0.03858612398265082,0.0,0.0002079229500075042,1.1067936786500312e-06,2.9103051875738685e-07,0.0,0.9535510462495359
204,0.0014786905114938258,0.003,0.03845374509061277,0.0384729863953398,0.0,0.0002079251638704781,1.106939370874117e-06,2.9103121236355986e-07,0.0,0.9535531659923284
205,0.0014699441400473372,0.003,0.03833985054805688,0.03835903486276656,0.0,0.00020792675827959167,1.107084496671222e-06,2.910318766224902e-07,0.0,0.9535549299406365
206,0.0014611898774202425,0.003,0.038225513435665485,0.03824464053890679,0.0,0.0002079280451209744,1.1072287899347397e-06,2.910325133078608e-07,0.0,0.9535568494339803
207,0.001452454787807334,0.003,0.03811108484164855,0.038130154687646335,0.0,0.0002079294693194178,1.1073722547357488e-06,2.910331244115484e-07,0.0,0.9535595711750067
208,0.001443763043505772,0.003,0.03799688202347361,0.038015894725200526,0.0,0.00020793159402223853,1.1075151553805027e-06,2.910337121549929e-07,0.0,0.9535638548316655
209,0.001435135253625485,0.003,0.03788317903272487,0.03790213484028223,0.0,0.00020793508106552104,1.1076579801861006e-06,2.910342789575563e-07,0.0,0.9535705449195653
210,0.001426588162735736,0.003,0.037770202047854286,0.0377891013245175,0.0,0.00020794066645060815,1.1078013857394941e-06,2.910348273731147e-07,0.0,0.953580537110956
211,0.0014181346717842076,0.003,0.03765812889382859,0.03767697209185231,0.0,0.00020794913097403213,1.1079461297825055e-06,2.9103536000862284e-07,0.0,0.9535947397048947
212,0.0014097840957341403,0.003,0.037547091708068955,0.03756587934582612,0.0,0.00020796126666273548,1.108093001092909e-06,2.910358794386785e-07,0.0,0.9536140316112166
213,0.0014015425540029242,0.003,0.03743718143774881,0.037455914079120085,0.0,0.0002079778401980819,1.108242753911292e-06,2.910363881284108e-07,0.0,0.9536392187647882
214,0.0013934133943208585,0.003,0.037328452878747316,0.03734713111503187,0.0,0.00020799955499486533,1.1083960528240486e-06,2.910368883738291e-07,0.0,0.9536709913192039
215,0.0013853975756584385,0.003,0.037220929269141556,0.03723955370326633,0.0,0.00020802701396988043,1.1085534318684502e-06,2.910373822647269e-07,0.0,0.9537098842097764
216,0.0013774939738325548,0.003,0.03711460593664649,0.03713317716920051,0.0,0.00020806068523729983,1.1087152693255168e-06,2.910378716710333e-07,0.0,0.9537562436861561
217,0.0013696996138259357,0.003,0.03700945303332563,0.03702797164996276,0.0,0.00020810087297406997,1.1088817775427653e-06,2.9103835824979067e-07,0.0,0.9538102021830959
218,0.0013620098654208357,0.003,0.036905417832898677,0.03692388439288986,0.0,0.0002081476954975608,1.1090530054513891e-06,2.910388434671725e-07,0.0,0.9538716634384159
219,0.0013544186560933303,0.003,0.03680242731252017,0.0368208423385975,0.0,0.000208201072203963,1.1092288503845482e-06,2.910393286284788e-07,0.0,0.953940299119142
220,0.0013469187544968972,0.003,0.0367003917485481,0.03671875571854819,0.0,0.000208260720461198,1.1094090754266188e-06,2.9103981490885233e-07,0.0,0.9540155574388024
221,0.0013395021613109332,0.003,0.0365992098454452,0.03661752318651888,0.0,0.00020832616288533965,1.1095933287795923e-06,2.9104030337849517e-07,0.0,0.9540966834126388
222,0.001332160617352315,0.003,0.03649877555963097,0.03651703864586748,0.0,0.00020839674471320578,1.1097811623843365e-06,2.9104079501803885e-07,0.0,0.9541827495799029
223,0.0013248862089024617,0.003,0.036398986371909615,0.0364171995261001,0.0,0.00020847166028186066,1.1099720480847033e-06,2.9104129072209666e-07,0.0,0.9542726952973559
224,0.0013176720241094514,0.003,0.03629975239735736,0.036317915897316796,0.0,0.00020854998699903026,1.1101653907535593e-06,2.9104179129143606e-07,0.0,0.9543653721388842
225,0.0013105127971899059,0.003,0.03620100547208469,0.036219119561520505,0.0,0.00020863072469238036,1.11036053880901e-06,2.9104229741628817e-07,0.0,0.9544595925692846
226,0.0013034054715478146,0.003,0.036102707260644795,0.03612077216408232,0.0,0.0002087128378992887,1.110556793278474e-06,2.910428096547702e-07,0.0,0.9545541789211923
227,0.001296349618882749,0.003,0.03600485549037447,0.03602287143120184,0.0,0.00020879529852657814,1.1107534169246648e-06,2.9104332841106476e-07,0.0,0.954648009795565
228,0.001289347666886474,0.003,0.03590748761590643,0.03592545483625316,0.0,0.00020887712637517405,1.1109496449095375e-06,2.9104385391785966e-07,0.0,0.9547400613089841
229,0.001282404909955412,0.003,0.0358106815064362,0.03582860028739563,0.0,0.00020895742527447312,1.1111446980859967e-06,2.910443862267285e-07,0.0,0.954829441087679
230,0.0012755293016981143,0.003,0.035714553079915674,0.03573242376058361,0.0,0.000209035412973916,1.111337799372054e-06,2.910449252087722e-07,0.0,0.9549154135076228
231,0.0012687310512633524,0.003,0.035619251132826366,0.03563707412675272,0.0,0.0002091104434532792,1.111528192910062e-06,2.9104547056627147e-07,0.0,0.9549974153441436
232,0.00126202206466226,0.003,0.03552494988965164,0.03554272569756394,0.0,0.00020918202088831783,1.111715164985677e-06,2.910460218545005e-07,0.0,0.9550750616643436
233,0.0012554152852462745,0.003,0.035431839992389254,0.035449569210407594,0.0,0.0002092498050931522,1.1118980651047258e-06,2.910465785115503e-07,0.0,0.9551481424174749
234,0.001248923993322401,0.003,0.03534011875082484,0.03535780207379823,0.0,0.0002093136088082878,1.1120763252966253e-06,2.9104713989310365e-07,0.0,0.955216610708324
235,0.0012425611235429557,0.003,0.0352499804757812,0.03526761869578704,0.0,0.0002093733876730441,1.1122494756815955e-06,2.9104770530872746e-07,0.0,0.9552805641455306
236,0.001236338651066234,0.003,0.03516160762914907,0.03517920162956413,0.0,0.00020942922408525598,1.1124171546079425e-06,2.9104827405641704e-07,0.0,0.9553402209238598
237,0.0012302670850587107,0.003,0.03507516336467602,0.035092714110515205,0.0,0.00020948130639309576,1.112579112191176e-06,2.910488454527137e-07,0.0,0.9553958924240855
238,0.0012243550928163955,0.003,0.03499078582736312,0.03500829435276568,0.0,0.00020952990498020806,1.112735206788017e-06,2.910494188566566e-07,0.0,0.9554479541062277
239,0.0012186092617192232,0.003,0.03490858435570287,0.03492605174951834,0.0,0.00020957534680424926,1.1128853947118e-06,2.910499936868769e-07,0.0,0.9554968163513006
240,0.0012130339914607985,0.003,0.03482863751944366,0.03484606490983593,0.0,0.00020961798984700728,1.1130297142314092e-06,2.910505694321798e-07,0.0,0.9555428967001144
241,0.0012076314973361061,0.003,0.03475099275324528,0.03476838129211338,0.0,0.000209658198755209,1.1131682654937107e-06,2.9105114565677423e-07,0.0,0.9555865946749785
242,0.0012024018981833234,0.003,0.03467566723486836,0.034693018082706646,0.0,0.00020969632272149546,1.1133011883933215e-06,2.9105172200185246e-07,0.0,0.9556282700811736
243,0.001197343360554197,0.003,0.03460264961753936,0.03461996392916454,0.0,0.00020973267640104852,1.1134286405409694e-06,2.9105229818536207e-07,0.0,0.9556682253964927
244,0.001192452273693812,0.003,0.03453190225999448,0.0345491811713885,0.0,0.00020976752440506172,1.113550777347938e-06,2.910528740016402e-07,0.0,0.9557066925902215
245,0.0011877234369328357,0.003,0.034463363691503414,0.03448060830788978,0.0,0.00020980106967687887,1.1136677358806989e-06,2.9105344932210076e-07,0.0,0.9557438244819468
246,0.0011831502503730318,0.003,0.03439695117845522,0.0344141625636596,0.0,0.00020983344585231092,1.1137796236077873e-06,2.910540240975048e-07,0.0,0.955779690562495
247,0.0011787249090826504,0.003,0.03433256339224688,0.0343497425593926,0.0,0.00020986471353954904,1.1138865125401887e-06,2.910545983616488e-07,0.0,0.9558142770541546
248,0.0011744386082301924,0.003,0.03427008328309391,0.03428723118673546,0.0,0.00020989486032573542,1.1139884386428335e-06,2.91055172235663e-07,0.0,0.9558474908796827
249,0.0011702817699945276,0.003,0.034209381315576694,0.034226498845452265,0.0,0.00020992380422185002,1.1140854058477236e-06,2.9105574593166624e-07,0.0,0.9558791671304478
250,0.0011662443019152151,0.003,0.03415031920663722,0.034167407183291566,0.0,0.00020995140018781946,1.1141773935907895e-06,2.9105631975432207e-07,0.0,0.9559090795632399
251,0.0011623158908906747,0.003,0.034092754228584626,0.03410981340114507,0.0,0.00020997744932565825,1.1142643665625313e-06,2.9105689409891256e-07,0.0,0.9559369536036068
252,0.001158486328599785,0.003,0.034036544016685724,0.03405357506304381,0.0,0.00021000171028291045,1.1143462853169379e-06,2.910574694448817e-07,0.0,0.955962481284752
253,0.001154745854702996,0.003,0.03398155168180223,0.03399855521135355,0.0,0.0002100239123651461,1.1144231165081476e-06,2.910580463443338e-07,0.0,0.955985337502796
254,0.0011510854959666877,0.003,0.03392765090551787,0.03394462746445139,0.0,0.00021004376981346095,1.1144948417826173e-06,2.9105862540562846e-07,0.0,0.9560051969236614
255,0.0011474973743480273,0.003,0.033874730616611955,0.03389168069553936,0.0,0.0002100609966623091,1.1145614646953101e-06,2.9105920727286393e-07,0.0,0.956021750839954
256,0.0011439749562750358,0.003,0.03382269883192404,0.033839622875430915,0.0,0.0002100753215597988,1.1146230153855737e-06,2.91059792602651e-07,0.0,0.9560347232564638
257,0.0011405132191398255,0.003,0.03377148529662007,0.0337883837141382,0.0,0.0002100865019146934,1.1146795530891478e-06,2.9106038203998575e-07,0.0,0.9560438854896626
258,0.0011371087187570991,0.003,0.03372104267007619,0.03373791584734928,0.0,0.0002100943367396718,1.1147311668343407e-06,2.910609761952558e-07,0.0,0.956049068607971
259,0.0011337595518678047,0.003,0.03367134615467289,0.03368819446503655,0.0,0.00021009867759660082,1.1147779748448186e-06,2.9106157562437394e-07,0.0,0.9560501731208998
260,0.001130465218930726,0.003,0.03362239163014324,0.03363921544487137,0.0,0.00021009943712104113,1.1148201232374233e-06,2.9106218081377963e-07,0.0,0.9560471754473739
261,0.0011272264026470173,0.003,0.0335741925092327,0.033590992206310635,0.0,0.00021009659471103774,1.1148577845660544e-06,2.9106279217157974e-07,0.0,0.9560401308526959
262,0.001124044685402839,0.003,0.033526775648768235,0.033543551619619784,0.0,0.00021009019910599828,1.114891156640782e-06,2.910634100255163e-07,0.0,0.9560291727308374
263,0.0011209222331225268,0.003,0.03348017671880671,0.0334969293727041,0.0,0.00021008036774683108,1.114920461873486e-06,2.910640346277795e-07,0.0,0.9560145083112548
264,0.0011178614735740174,0.003,0.033434435445719994,0.03345116521181355,0.0,0.0002100672829878423,1.1149459472006403e-06,2.910646661660469e-07,0.0,0.9559964110717347
265,0.0011148647942670021,0.003,0.03338959110661588,0.033406298433709236,0.0,0.00021005118540941574,1.1149678844433888e-06,2.910653047795706e-07,0.0,0.9559752103247035
266,0.0011119342795538887,0.003,0.03334567857390053,0.03336236392824659,0.0,0.0002100323646449592,1.1149865708130615e-06,2.9106595057870297e-07,0.0,0.9559512785988666
267,0.0011090714995256642,0.003,0.03330272510659847,0.0333193889680899,0.0,0.0002100111482712853,1.1150023291771555e-06,2.9106660366600944e-07,0.0,0.9559250175487822
268,0.0011062773560271096,0.003,0.03326074797756523,0.033277390834737595,0.0,0.00020998788940915507,1.1150155076769133e-06,2.910672641570735e-07,0.0,0.9558968431840227
269,0.001103551984714799,0.003,0.03321975292976754,0.03323637527403004,0.0,0.00020996295373181253,1.115026478332946e-06,2.9106793219921176e-07,0.0,0.9558671712139302
270,0.0011008947073682174,0.003,0.033179733383018876,0.03319633570248815,0.0,0.0002099367065823093,1.1150356343802977e-06,2.910686079866134e-07,0.0,0.9558364032557751
271,0.0010983040260588342,0.003,0.033140670271719526,0.03315725304497227,0.0,0.00020990950085726626,1.1150433862218421e-06,2.9106929177081925e-07,0.0,0.9558049145601235
272,0.0010957776502741319,0.003,0.03310253238460967,0.03311909607460522,0.0,0.0002098816662306993,1.1150501560572333e-06,2.910699838659187e-07,0.0,0.9557730437778296
273,0.0010933125492942723,0.003,0.03306527709386801,0.033081822142235796,0.0,0.00020985350017739467,1.1150563714105062e-06,2.9107068464832497e-07,0.0,0.9557410851409044
274,0.0010909050243710359,0.003,0.033028851393456536,0.033045378215303095,0.0,0.00020982526112072448,1.115062457921308e-06,2.910713945514465e-07,0.0,0.9557092832679563
275,0.0010885507977877952,0.003,0.03299319320386851,0.033009702183237295,0.0,0.0002097971638877409,1.1150688318652065e-06,2.9107211405593336e-07,0.0,0.9556778306465559
276,0.001086245117953399,0.003,0.0329582329312935,0.03297472441740496,0.0,0.00020976937751534963,1.1150758929164248e-06,2.9107284367646403e-07,0.0,0.9556468677004141
277,0.0010839828807515785,0.003,0.0329238952852116,0.03294036958961266,0.0,0.00020974202532471532,1.1150840176576091e-06,2.91073583946204e-07,0.0,0.9556164852265128
278,0.0010817587671575959,0.003,0.032890101355234465,0.03290655874998725,0.0,0.0002097151870737227,1.1150935542788926e-06,2.910743354001054e-07,0.0,0.9555867288909741
279,0.0010795673956860892,0.003,0.03285677092603729,0.032873211643066134,0.0,0.00020968890291329833,1.1151048188018334e-06,2.9107509855818824e-07,0.0,0.9555576054040804
280,0.0010774034858776799,0.003,0.03282382497329767,0.032840249204985114,0.0,0.00020966317881385664,1.1151180930267447e-06,2.910758739097909e-07,0.0,0.9555290899534216
281,0.0010752620263048027,0.003,0.03279118824173352,0.0328075961428062,0.0,0.0002096379930921285,1.115133624250982e-06,2.9107666189960383e-07,0.0,0.955501134456764
282,0.0010731384381092402,0.003,0.03275879176815348,0.032775183458830556,0.0,0.0002096133036538581,1.1151516266579858e-06,2.910774629160824e-07,0.0,0.9554736761990125
283,0.0010710287234665797,0.003,0.032726575186942185,0.03274295075723736,0.0,0.00020958905557034,1.1151722841476334e-06,2.9107827728260485e-07,0.0,0.9554466464364886
284,0.0010689295880417244,0.003,0.03269448864933851,0.03271084816432239,0.0,0.00020956518862358828,1.115195754279958e-06,2.910791052515406e-07,0.0,0.9554199785831021
285,0.001066838527649958,0.003,0.032662494204361646,0.03267883771011512,0.0,0.00020954164448238057,1.1152221729442369e-06,2.9107994700121724e-07,0.0,0.9553936156340915
286,0.001064753871890604,0.003,0.032630566527270165,0.032646894057202225,0.0,0.00020951837320764305,1.1152516593466745e-06,2.910808026356421e-07,0.0,0.9553675165320851
287,0.0010626747811407346,0.003,0.032598692936078505,0.03261500451725241,0.0,0.00020949533882861957,1.11528432093035e-06,2.9108167218672303e-07,0.0,0.9553416612362782
288,0.001060601197464107,0.003,0.03256687270009368,0.03258316835920705,0.0,0.0002094725237806277,1.11532025789462e-06,2.910825556186944e-07,0.0,0.955316054317942
289,0.001058533754099924,0.003,0.03253511570749248,0.03255139547619074,0.0,0.00020944993204989807,1.1153595670584628e-06,2.9108345283440497e-07,0.0,0.9552907269736205
290,0.001056473651670662,0.003,0.032503440612813,0.03251970453207586,0.0,0.0002094275909309966,1.1154023449024426e-06,2.910843636831317e-07,0.0,0.9552657374201016
291,0.0010544225116423346,0.003,0.03247187262296917,0.03248812074638923,0.0,0.00020940555136611693,1.1154486897158484e-06,2.9108528796957193e-07,0.0,0.9552411697106126
292,0.0010523822186411862,0.003,0.032440441098129144,0.03245667349399013,0.0,0.00020938388690164807,1.1154987028591774e-06,2.910862254636856e-07,0.0,0.9552171310868145
293,0.001050354762964644,0.003,0.0324091771411223,0.03242539389327102,0.0,0.00020936269136334666,1.1155524892196503e-06,2.9108717591104637e-07,0.0,0.955193748052335
294,0.0010483420932200923,0.003,0.03237811132879885,0.03239431253638202,0.0,0.00020934207541360662,1.1156101569841415e-06,2.91088139043374e-07,0.0,0.955171161416542
295,0.001046345986835516,0.003,0.0323472717062122,0.03236345748240957,0.0,0.00020932216220937943,1.1156718168782127e-06,2.9108911458891105e-07,0.0,0.9551495206076855
296,0.0010443679436370865,0.003,0.03231668212606434,0.03233285259599098,0.0,0.00020930308242319307,1.1157375810234226e-06,2.9109010228230003e-07,0.0,0.9551289775885443
297,0.0010424091051923243,0.003,0.03228636097785448,0.0323025162758271,0.0,0.0002092849689191225,1.1158075615518275e-06,2.910911018736203e-07,0.0,0.9551096807224089
298,0.0010404702004976102,0.003,0.03225632031862299,0.03227246058499134,0.0,0.00020926795138808822,1.1158818690923295e-06,2.9109211313626503e-07,0.0,0.9550917689310667
299,0.0010385515170350623,0.003,0.032226565393089324,0.03224269077082752,0.0,0.00020925215124119667,1.1159606112146012e-06,2.9109313587336083e-07,0.0,0.9550753664595883
300,0.0010366528952769683,0.003,0.03219709451607347,0.03221320514731235,0.0,0.00020923767703585772,1.1160438908886913e-06,2.9109416992248434e-07,0.0,0.9550605785169449
301,0.0010347737442870468,0.003,0.032167899283090384,0.032183995305755435,0.0,0.00020922462066933498,1.116131804996776e-06,2.910952151585114e-07,0.0,0.9550474880002362
302,0.0010329130759810005,0.003,0.03213896507327205,0.032155046617972805,0.0,0.0002092130545205676,1.1162244429206464e-06,2.910962714945117e-07,0.0,0.9550361534381828
303,0.001031069555656509,0.003,0.03211027180913467,0.032126338996434425,0.0,0.00020920302965815138,1.1163218852250656e-06,2.910973388807104e-07,0.0,0.9550266082119354
304,0.0010292415663999397,0.003,0.032081794937315146,0.03209784787549125,0.0,0.00020919457516445632,1.1164242024617413e-06,2.910984173016462e-07,0.0,0.9550188610338135
305,0.0010274272848029503,0.003,0.03205350659136923,0.03206954537475538,0.0,0.000209187698558557,1.116531454128338e-06,2.910995067717539e-07,0.0,0.9550128975926434
306,0.0010256247650425078,0.003,0.03202537689149822,0.03204140159947699,0.0,0.000209182387237707,1.116643687827823e-06,2.911006073296939e-07,0.0,0.9550086832125088
307,0.001023832027844506,0.003,0.03199737532743125,0.03201338602411865,0.0,0.00020917861080351865,1.1167609386814836e-06,2.9110171903181566e-07,0.0,0.9550061663234308
308,0.001022047150283221,0.003,0.031969472161473375,0.03198546889610538,0.0,0.0002091763240967483,1.1168832290507477e-06,2.911028419451837e-07,0.0,0.9550052825099117
309,0.001020268351919492,0.003,0.03194163978131824,0.031957622589314325,0.0,0.00020917547073649753,1.1170105686163605e-06,2.911039761406067e-07,0.0,0.9550059588871825
310,0.0010184940725994093,0.003,0.03191385392896648,0.031929822833608,0.0,0.0002091759869454148,1.1171429548479103e-06,2.911051216860879e-07,0.0,0.9550081185549049
311,0.0010167230374346897,0.003,0.031886094734769416,0.03190204974939545,0.0,0.00020917780544258877,1.1172803738733235e-06,2.9110627864106287e-07,0.0,0.9550116848923706
312,0.0010149543051149528,0.003,0.03185834749504363,0.03187428862563591,0.0,0.00020918085919819284,1.1174228017292963e-06,2.9110744705172536e-07,0.0,0.9550165854855736
313,0.0010131872967372702,0.003,0.03183060314755707,0.0318465303955628,0.0,0.00020918508486684345,1.117570205943314e-06,2.911086269476509e-07,0.0,0.9550227555119833
314,0.0010114218036865227,0.003,0.031802858420062224,0.03181877178529126,0.0,0.0002091904257475808,1.1177225473698614e-06,2.91109818339831e-07,0.0,0.9550301404503997
315,0.001009657974616313,0.003,0.031775115650714995,0.031791015134147144,0.0,0.00020919683415455774,1.1178797821814119e-06,2.911110212201396e-07,0.0,0.9550386980279101
316,0.0010078962830927232,0.003,0.0317473823029982,0.0317632679093478,0.0,0.00020920427312134468,1.1180418639016599e-06,2.9111223556216986e-07,0.0,0.9550483993610335
317,0.001006137478803114,0.003,0.03171967021901574,0.031735541958922656,0.0,0.00020921271740122248,1.1182087453658524e-06,2.911134613232924e-07,0.0,0.9550592292913036
318,0.0010043825262598509,0.003,0.03169199467152314,0.03170785256326932,0.0,0.00020922215376348034,1.1183803805011898e-06,2.911146984477389e-07,0.0,0.9550711859550111
319,0.0010026325355540259,0.003,0.03166437328535062,0.03168021735603706,0.0,0.00020923258062011127,1.1185567258377988e-06,2.911159468704693e-07,0.0,0.9550842796612223
320,0.00100088868990624,0.003,0.03163682490241775,0.031652655188573464,0.0,0.00020924400704758228,1.1187377416853612e-06,2.911172065215572e-07,0.0,0.9550985311805625
321,0.0009991521745481514,0.003,0.03160936846171007,0.03162518500934068,0.0,0.000209256451292939,1.1189233929389298e-06,2.9111847733082524e-07,0.0,0.9551139695690037
322,0.0009974241109252245,0.003,0.0315820219575192,0.031597824821634216,0.0,0.00020926993887287587,1.1191136495063595e-06,2.9111975923245803e-07,0.0,0.9551306296657207
323,0.0009957054994436353,0.003,0.03155480152755893,0.03157059077124279,0.0,0.0002092845003870368,1.1193084863760582e-06,2.911210521693531e-07,0.0,0.9551485494118586
324,0.000993997173106939,0.003,0.03152772070903539,0.031543496402146216,0.0,0.0002093001691739883,1.1195078833648914e-06,2.9112235609698405e-07,0.0,0.9551677671379053
325,0.0009922997635048165,0.003,0.03150078988699834,0.03151655210459066,0.0,0.00020931697893888937,1.119711824600678e-06,2.9112367098658787e-07,0.0,0.9551883189615334
326,0.0009906136798052193,0.003,0.031474015946574396,0.031489764767147904,0.0,0.00020933496147688716,1.1199202978013145e-06,2.911249968275312e-07,0.0,0.9552102364257071
327,0.0009889391007077346,0.003,0.03144740212971072,0.031463137633387296,0.0,0.000209354144605779,1.1201332934137968e-06,2.91126333628749e-07,0.0,0.9552335444891663
328,0.0009872759787522565,0.003,0.03142094808805515,0.031436670354782356,0.0,0.00020937455040599706,1.120350803672601e-06,2.9112768141919035e-07,0.0,0.9552582599589337
329,0.0009856240559301917,0.003,0.03139465011638435,0.03141035922425575,0.0,0.00020939619384642972,1.1205728216298256e-06,2.911290402472619e-07,0.0,0.9552843904282844
330,0.000983982889188168,0.003,0.03136850154515144,0.03138419756892333,0.0,0.00020941908185172944,1.120799340201051e-06,2.911304101793003e-07,0.0,0.9553119337549124
331,0.0009823518841184243,0.003,0.03134249326582721,0.03135817627569821,0.0,0.00020944321284160328,1.121030351262647e-06,2.911317912971581e-07,0.0,0.9553408780842546
332,0.0009807303348769454,0.003,0.03131661435846706,0.03133228441917169,0.0,0.00020946857674676187,1.1212658448293555e-06,2.9113318369502123e-07,0.0,0.955371202393601
333,0.000979117468156987,0.003,0.031290852787308095,0.0313065099575585,0.0,0.00020949515548037903,1.1215058083358908e-06,2.911345874756267e-07,0.0,0.9554028775053152
334,0.0009775124888856091,0.003,0.03126519612741313,0.03128084045970432,0.0,0.00020952292382024027,1.1217502260429165e-06,2.911360027460729e-07,0.0,0.9554358674936834
335,0.0009759146252301254,0.003,0.031239632283849395,0.03125526382462436,0.0,0.0002095518506358088,1.121999078585407e-06,2.9113742961344036e-07,0.0,0.9554701313909485
336,0.0009743231705303504,0.003,0.031214150165115025,0.03122976895526686,0.0,0.00020958190037789854,1.1222523426792348e-06,2.9113886818044144e-07,0.0,0.9555056250850057
337,0.000972737519936306,0.003,0.031188740274918223,0.031204346350588302,0.0,0.00020961303473703965,1.1225099909988084e-06,2.911403185413266e-07,0.0,0.9555423032947303
338,0.0009711571998414965,0.003,0.031163395191177366,0.03117898858479324,0.0,0.0002096452143710548,1.122771992234001e-06,2.911417807782466e-07,0.0,0.955580121509253
339,0.0009695818886519172,0.003,0.031138109908148203,0.031153690649632672,0.0,0.0002096784006023286,1.1230383113280087e-06,2.911432549582489e-07,0.0,0.9556190377844853
340,0.0009680114279934498,0.003,0.031112882026476586,0.031128450144551876,0.0,0.00020971255699145396,1.1233089098892505e-06,2.911447411310398e-07,0.0,0.9556590143032369
341,0.000966445824090681,0.003,0.03108771178602055,0.0311032673095289,0.0,0.00020974765070516465,1.123583746760487e-06,2.911462393276014e-07,0.0,0.9557000186233008
342,0.0009648852396931355,0.003,0.0310626019466035,0.031078144905768094,0.0,0.00020978365361210176,1.1238627787179543e-06,2.9114774955969925e-07,0.0,0.9557420245596182
343,0.0009633299775222543,0.003,0.031037557531517428,0.03105308795907499,0.0,0.00020982054305908343,1.1241459612636038e-06,2.9114927182026555e-07,0.0,0.9557850126705107
344,0.0009617804567120428,0.003,0.031012585456747118,0.031028103388894956,0.0,0.00020985830230112865,1.124433249465794e-06,2.9115080608458214e-07,0.0,0.955828970342396
345,0.0009602371840788773,0.003,0.03098769407488846,0.031003199552003317,0.0,0.00020989692058005262,1.1247245987989703e-06,2.9115235231216856e-07,0.0,0.9558738914908025
346,0.0009587007222598791,0.003,0.030962892666220303,0.030978385733322542,0.0,0.00020993639286688535,1.1250199659318143e-06,2.9115391044921175e-07,0.0,0.9559197759164748
347,0.0009571716568017333,0.003,0.03093819091029295,0.03095367161724634,0.0,0.0002099767193016955,1.1253193094162776e-06,2.9115548043138317e-07,0.0,0.9559666283727559
348,0.000955650564177208,0.003,0.030913598369927887,0.030929066771381197,0.0,0.000210017904379693,1.125622590236705e-06,2.911570621868505e-07,0.0,0.9560144574134295
349,0.0009541379824820897,0.003,0.030889124016101357,0.03090458017119222,0.0,0.0002100599559441094,1.1259297721882428e-06,2.9115865563930533e-07,0.0,0.9560632740983228
350,0.0009526343862553949,0.003,0.030864775817351968,0.030880219789205264,0.0,0.00021010288405320013,1.1262408220659711e-06,2.9116026071083165e-07,0.0,0.9561130906370944
351,0.0009511401665063266,0.003,0.030840560411677452,0.030855992266739563,0.0,0.00021014669979193263,1.1265557096594676e-06,2.911618773244627e-07,0.0,0.9561639190499693
352,0.0009496556166549658,0.003,0.030816482872887452,0.030831902680143557,0.0,0.00021019141409727693,1.1268744075606195e-06,2.911635054062919e-07,0.0,0.9562157699182172
353,0.0009481809247256236,0.003,0.03079254657746942,0.030807954407594217,0.0,0.00021023703666101138,1.1271968908042514e-06,2.911651448870509e-07,0.0,0.9562686512875898
354,0.0009467161717894406,0.003,0.03076875317248719,0.030784149096979532,0.0,0.00021028357496554007,1.1275231363706661e-06,2.9116679570308536e-07,0.0,0.9563225677755632
355,0.0009452613363460993,0.003,0.030745102640031944,0.030760486730381707,0.0,0.0002103310334976386,1.1278531225859143e-06,2.9116845779671214e-07,0.0,0.9563775199189659
356,0.0009438163040676038,0.003,0.03072159344935747,0.030736965776288594,0.0,0.00021037941317225288,1.1281868284592146e-06,2.911701311159631e-07,0.0,0.9564335037833083
357,0.0009423808821015724,0.003,0.030698222784089187,0.03071358341691637,0.0,0.0002104287109855347,1.1285242329976044e-06,2.911718156137614e-07,0.0,0.9564905108397266
358,0.0009409548169484816,0.003,0.03067498682882328,0.03069033583495208,0.0,0.00021047891990249307,1.1288653145358907e-06,2.911735112466099e-07,0.0,0.9565485281006901
359,0.0009395378147896553,0.003,0.03065188109708204,0.03066721854167309,0.0,0.0002105300289717744,1.1292100501158607e-06,2.911752179728791e-07,0.0,0.956607538492173
360,0.0009381295630553135,0.003,0.0306289007810485,0.03064422672685673,0.0,0.00021058202364838974,1.1295584149431285e-06,2.911769357508149e-07,0.0,0.9566675214284496
361,0.0009367297519910492,0.003,0.030606041102877863,0.03062135561026748,0.0,0.0002106348862948505,1.1299103819435342e-06,2.911786645363941e-07,0.0,0.9567284535464733
362,0.0009353380950127235,0.003,0.03058329764778029,0.030598600774906448,0.0,0.00021068859682320953,1.1302659214342526e-06,2.9118040428114974e-07,0.0,0.9567903095502812
363,0.0009339543467375407,0.003,0.03056066666055472,0.030575958463693563,0.0,0.00021074313343463254,1.1306250009180982e-06,2.911821549300997e-07,0.0,0.9568530631122636
364,0.0009325783177419518,0.003,0.030538145289816666,0.030553425823817586,0.0,0.000210798473409872,1.1309875850032655e-06,2.911839164198969e-07,0.0,0.9569166877774922
365,0.0009312098853181643,0.003,0.03051573176769917,0.030531001086526947,0.0,0.0002108545939035008,1.1313536354450435e-06,2.9118568867729096e-07,0.0,0.9569811578196046
366,0.0009298489997670188,0.003,0.030493425517101533,0.030508683674432192,0.0,0.00021091147269656493,1.1317231113009883e-06,2.911874716179965e-07,0.0,0.9570464490017689
367,0.00092849568605719,0.003,0.03047122718331492,0.03048647423314737,0.0,0.00021096908886670063,1.1320959691866422e-06,2.911892651460135e-07,0.0,0.9571125392036932
368,0.0009271500409769295,0.003,0.03044913859170616,0.030464374588952674,0.0,0.00021102742334130764,1.1324721636151262e-06,2.911910691534322e-07,0.0,0.9571794088850366
369,0.0009258122261818276,0.003,0.03042716263771283,0.030442387638734494,0.0,0.000211086459307468,1.1328516474008734e-06,2.911928835207197e-07,0.0,0.9572470413663492
370,0.0009244824577794276,0.003,0.030405303119347908,0.030420517182406227,0.0,0.00021114618246178285,1.1332343721054261e-06,2.9119470811746196e-07,0.0,0.9573154229201524
371,0.000923160993272397,0.003,0.03038356452545351,0.030398767711056113,0.0,0.0002112065810933862,1.1336202885017247e-06,2.911965428035107e-07,0.0,0.9573845426762927
372,0.000921848116796089,0.003,0.030361951794904245,0.03037714416603004,0.0,0.00021126764600350095,1.1340093470327596e-06,2.9119838743045287e-07,0.0,0.9574543923565281
373,0.0009205441236302033,0.003,0.030340470062775945,0.030355651684973305,0.0,0.0002113293702744351,1.1344014982410074e-06,2.912002418433183e-07,0.0,0.9575249658628104
374,0.0009192493049410751,0.003,0.030319124409208704,0.03033429535056799,0.0,0.0002113917489093197,1.134796693146758e-06,2.912021058824187e-07,0.0,0.9575962587513402
375,0.0009179639336292528,0.003,0.030297919625433902,0.03031307995644287,0.0,0.0002114547783706879,1.135194883556348e-06,2.91203979385213e-07,0.0,0.9576682676297879
376,0.0009166882520285474,0.003,0.030276860009395747,0.03029200980269275,0.0,0.00021151845605057426,1.1355960222853207e-06,2.912058621880962e-07,0.0,0.9577409895178319
377,0.0009154224620414875,0.003,0.03025594920080161,0.030271088530846223,0.0,0.00021158277970754572,1.1360000632865209e-06,2.91207754128013e-07,0.0,0.957814421211327
378,0.0009141667181156791,0.003,0.030235190062502984,0.03025031900518728,0.0,0.0002116477469060233,1.136406961678778e-06,2.9120965504381404e-07,0.0,0.9578885586880564
379,0.0009129211232785132,0.003,0.030214584612046434,0.030229703244272012,0.0,0.0002117133544914676,1.136816673677823e-06,2.9121156477729633e-07,0.0,0.9579633965884764
380,0.0009116857282644173,0.003,0.030194134004213752,0.030209242403460044,0.0,0.00021177959813091263,1.1372291564369976e-06,2.912134831738779e-07,0.0,0.9580389277984975
381,0.0009104605335976364,0.003,0.030173838562530232,0.03018893680643854,0.0,0.00021184647194282227,1.1376443678107366e-06,2.9121541008289685e-07,0.0,0.9581151431537149
382,0.0009092454943407996,0.003,0.030153697855168603,0.030168786021164167,0.0,0.00021191396823361708,1.13806226605831e-06,2.912173453575286e-07,0.0,0.9581920312761408
383,0.0009080405270902221,0.003,0.030133710808498547,0.03014878897346938,0.0,0.00021198207735073255,1.138482809508654e-06,2.9121928885435935e-07,0.0,0.9582695785459795
384,0.00090684551869698,0.003,0.030113875849796884,0.030128944089844054,0.0,0.0002120507876547721,1.1389059562089694e-06,2.9122124043265223e-07,0.0,0.9583477692028617
385,0.0009056603361215424,0.003,0.030094191069399794,0.030109249459668815,0.0,0.00021212008560595697,1.1393316635801231e-06,2.91223199953377e-07,0.0,0.9584265855636704
386,0.0009044848367918291,0.003,0.030074654391893337,0.03008970300649124,0.0,0.00021218995595377607,1.139759888100692e-06,2.912251672780678e-07,0.0,0.9585060083380234
387,0.0009033188788316376,0.003,0.0300552637458339,0.030070302657831217,0.0,0.0002122603820132669,1.1401905850389372e-06,2.9122714226759883e-07,0.0,0.9585860170179082
388,0.0009021623305588641,0.003,0.03003601722197642,0.030051046503488343,0.0,0.00021233134600736128,1.1406237082483022e-06,2.9122912478095225e-07,0.0,0.9586665903150244
389,0.0009010150787193159,0.003,0.03001691321104347,0.030031932933379944,0.0,0.00021240282945196993,1.1410592100375227e-06,2.9123111467406364e-07,0.0,0.958747706618155
390,0.0008998770350186756,0.003,0.02999795051363802,0.03001296074750885,0.0,0.0002124748135594793,1.1414970411214526e-06,2.912331117988132e-07,0.0,0.9588293444433028
391,0.0008987481406362408,0.003,0.029979128416887654,0.029994129232645935,0.0,0.0002125472796365171,1.1419371506536275e-06,2.9123511600222073e-07,0.0,0.9589114828512575
392,0.0008976283685416631,0.003,0.029960446734681095,0.029975438202586805,0.0,0.00021262020945363963,1.1423794863367295e-06,2.9123712712589494e-07,0.0,0.9589941018105246
393,0.0008965177235804367,0.003,0.02994190581076022,0.02995688800124532,0.0,0.00021269358556722532,1.142823994602759e-06,2.9123914500575916e-07,0.0,0.9590771824878769
394,0.0008954162404353142,0.003,0.029923506486294587,0.029938479470211953,0.0,0.00021276739157786217,1.1432706208511079e-06,2.9124116947206624e-07,0.0,0.9591607074539035
395,0.00089432397969923,0.003,0.029905250035724997,0.029920213884565196,0.0,0.0002128416123138978,1.1437193097300007e-06,2.9124320034969487e-07,0.0,0.9592446607965145
396,0.0008932410224021751,0.003,0.029887138076473214,0.02990209286253614,0.0,0.00021291623393377012,1.144170005445009e-06,2.9124523745870524e-07,0.0,0.9593290281410822
397,0.0008921674634133273,0.003,0.029869172459466086,0.029884118255977782,0.0,0.00021299124394570873,1.144622652077587e-06,2.9124728061511284e-07,0.0,0.9594137965814437
398,0.0008911034041864663,0.003,0.029851355148241866,0.02986629202941089,0.0,0.00021306663114852167,1.1450771938967724e-06,2.9124932963182836e-07,0.0,0.9594989545310444
399,0.0008900489453303904,0.003,0.02983368809467563,0.029848616135687196,0.0,0.00021314238550135852,1.1455335756483002e-06,2.9125138431971027e-07,0.0,0.95958449150781
400,0.0008890041794679148,0.003,0.0298161731190962,0.029831092396046383,0.0,0.00021321849793456393,1.1459917428072466e-06,2.912534444886587e-07,0.0,0.9596703978696476
401,0.0008879691848009254,0.003,0.029798811801830714,0.02981372239160634,0.0,0.00021329496011628606,1.146451641782873e-06,2.912555099486955e-07,0.0,0.9597566645196614
402,0.0008869440197300003,0.003,0.029781605392087247,0.029796507372200215,0.0,0.00021337176419182984,1.1469132200673735e-06,2.912575805109634e-07,0.0,0.9598432826010957
403,0.0008859287187917053,0.003,0.029764554738677097,0.029779448187064034,0.0,0.00021344890251340392,1.1473764263236378e-06,2.912596559885891e-07,0.0,0.9599302432017005
404,0.0008849232900812108,0.003,0.029747660245491758,0.029762545240291385,0.0,0.00021352636737773873,1.1478412104107053e-06,2.9126173619737543e-07,0.0,0.9600175370856902
405,0.0008839277142290225,0.003,0.02973092185299713,0.029745798472318376,0.0,0.00021360415078773988,1.1483075233491455e-06,2.912638209562812e-07,0.0,0.9601051544688841
406,0.0008829419449040092,0.003,0.029714339045383616,0.02972920736707731,0.0,0.0002136822442520735,1.1487753172319617e-06,2.9126591008767805e-07,0.0,0.9601930848491702
407,0.0008819659107259085,0.003,0.029697910881506605,0.029712770982952667,0.0,0.0002137606386335456,1.1492445450896092e-06,2.9126800341738114e-07,0.0,0.9602813169003793
408,0.0008809995183933876,0.003,0.029681636046441032,0.029696488004361404,0.0,0.00021383932405359498,1.1497151607201499e-06,2.912701007744596e-07,0.0,0.960369838433275
409,0.0008800426567718545,0.003,0.029665512919412915,0.029680356809718554,0.0,0.00021391828985625042,1.150187118497325e-06,2.912722019908553e-07,0.0,0.9604586364229577
410,0.0008790952016412901,0.003,0.02964953965310912,0.029664375550786642,0.0,0.0002139975246311752,1.150660373170292e-06,2.912743069008491e-07,0.0,0.9605476970978313
411,0.0008781570207799344,0.003,0.02963371425893039,0.02964854223797135,0.0,0.00021407701629148283,1.1511348796688552e-06,2.912764153404091e-07,0.0,0.960637006081644
412,0.0008772279790553127,0.003,0.02961803469265496,0.029632854826028034,0.0,0.00021415675219896177,1.151610592927294e-06,2.912785271464794e-07,0.0,0.9607265485772117
413,0.0008763079432096394,0.003,0.029602498935218956,0.02961731129488255,0.0,0.00021423671932666515,1.1520874677382982e-06,2.9128064215625577e-07,0.0,0.9608163095783949
414,0.0008753967860604004,0.003,0.029587105063868625,0.029601909720819025,0.0,0.00021431690444697298,1.1525654586462883e-06,2.912827602064976e-07,0.0,0.9609062740958348
415,0.0008744943898865258,0.003,0.02957185130975952,0.02958664833410794,0.0,0.0002143972943322949,1.153044519886584e-06,2.912848811329276e-07,0.0,0.9609964273818534
416,0.0008736006488325226,0.003,0.029556736099111528,0.02957152556018169,0.0,0.0002144778759554035,1.1535246053737637e-06,2.9128700476975326e-07,0.0,0.9610867551407574
417,0.0008727154702328206,0.003,0.029541758076201567,0.029556540042638833,0.0,0.0002145586366771704,1.1540056687392852e-06,2.912891309493413e-07,0.0,0.9611772437124304
418,0.0008718387748318474,0.003,0.029526916107711746,0.029541690647594387,0.0,0.00021463956441084432,1.1544876634152966e-06,2.9129125950206673e-07,0.0,0.961267880219419
419,0.0008709704959468239,0.003,0.02951220926916221,0.029526976450105907,0.0,0.0002147206477541132,1.1549705427587154e-06,2.912933902563401e-07,0.0,0.9613586526705081
420,0.0008701105776854839,0.003,0.029497636815268506,0.02951239670451603,0.0,0.0002148018760825792,1.1554542602072998e-06,2.912955230388114e-07,0.0,0.9614495500168638
421,0.0008692589723856431,0.003,0.029483198137000725,0.029497950801490095,0.0,0.00021488323960112567,1.1559387694577e-06,2.912976576747347e-07,0.0,0.9615405621599626
422,0.0008684156374846828,0.003,0.029468892708832524,0.029483638215238802,0.0,0.00021496472935234138,1.1564240246544841e-06,2.912997939884712e-07,0.0,0.961631679913553
423,0.000867580532052491,0.003,0.029454720030115563,0.029469458444863292,0.0,0.00021504633718388036,1.1569099805788402e-06,2.913019318040934e-07,0.0,0.9617228949246113
424,0.0008667536132304571,0.003,0.029440679564684935,0.029455410953930384,0.0,0.0002151280556792,1.1573965928261172e-06,2.9130407094605773e-07,0.0,0.9618141995605215
425,0.0008659348328120062,0.003,0.029426770682696498,0.029441495112280773,0.0,0.00021520987805790902,1.157883817962495e-06,2.9130621123990413e-07,0.0,0.9619055867714145
426,0.0008651241341784539,0.003,0.02941299260834324,0.029427710143719244,0.0,0.00021529179805377478,1.1583716136527215e-06,2.9130835251293825e-07,0.0,0.9619970499376636
427,0.000864321449769872,0.003,0.02939934437653112,0.029414055082668866,0.0,0.00021537380977919692,1.1588599387529587e-06,2.913104945948605e-07,0.0,0.9620885827129338
428,0.0008635266992271972,0.003,0.0293858248008661,0.029400528742141947,0.0,0.00021545590758542348,1.1593487533651332e-06,2.9131263731831246e-07,0.0,0.9621801788729113
429,0.0008627397882922069,0.003,0.02937243245446667,0.029387129694542997,0.0,0.00021553808592760843,1.1598380188516604e-06,2.9131478051930384e-07,0.0,0.9622718321789601
430,0.0008619606084997893,0.003,0.029359165664231492,0.029373856265933505,0.0,0.0002156203392429006,1.160327697811855e-06,2.9131692403751345e-07,0.0,0.9623635362645416
431,0.0008611890376453316,0.003,0.029346022518312965,0.029360706543509228,0.0,0.00021570266184872284,1.1608177540235892e-06,2.913190677164448e-07,0.0,0.9624552845503906
432,0.0008604249409623295,0.003,0.029333000885731576,0.029347678395224362,0.0,0.00021578504786654777,1.161308152355721e-06,2.913212114034411e-07,0.0,0.9625470701923144
433,0.0008596681729039771,0.003,0.029320098446355483,0.029334769499786133,0.0,0.0002158674911747578,1.1617988586583493e-06,2.913233549495702e-07,0.0,0.9626388860632089
434,0.0008589185793898762,0.003,0.029307312728905667,0.02932197738467895,0.0,0.00021594998539206355,1.1622898396390304e-06,2.91325498209393e-07,0.0,0.9627307247686047
435,0.000858176000356621,0.003,0.029294641154255858,0.02930929946948601,0.0,0.00021603252389092945,1.162781062733606e-06,2.9132764104064034e-07,0.0,0.9628225786929377
436,0.0008574402724397539,0.003,0.02928208108109384,0.029296733111573457,0.0,0.00021611509983857367,1.1632724959803015e-06,2.913297833038318e-07,0.0,0.9629144400718839
437,0.0008567112316148718,0.003,0.029269629851005494,0.02928427565119696,0.0,0.00021619770626140413,1.1637641079051935e-06,2.913319248618582e-07,0.0,0.9630063010846296
438,0.0008559887156368043,0.003,0.029257284830223128,0.029271924453270957,0.0,0.00021628033612747252,1.1642558674261314e-06,2.913340655795744e-07,0.0,0.9630981539589591
439,0.0008552725661368446,0.003,0.029245043445630996,0.029259676943392186,0.0,0.00021636298244062747,1.1647477437807555e-06,2.91336205323418e-07,0.0,0.9631899910815365
440,0.0008545626302671889,0.003,0.029232903213112258,0.0292475306362008,0.0,0.00021644563833944045,1.1652397064824963e-06,2.9133834396109487e-07,0.0,0.9632818051058032
441,0.0008538587618167686,0.003,0.02922086175691553,0.029235483154756662,0.0,0.0002165282971943043,1.1657317253065024e-06,2.9134048136134464e-07,0.0,0.9633735890504341
442,0.0008531608217611202,0.003,0.029208916819374188,0.029223532240263462,0.0,0.00021661095269612756,1.1662237703054053e-06,2.9134261739380815e-07,0.0,0.9634653363822614
443,0.0008524686782479885,0.003,0.029197066260978833,0.029211675752141245,0.0,0.00021669359893138716,1.166715811852887e-06,2.91344751929e-07,0.0,0.9635570410789033
444,0.0008517822060574452,0.003,0.029185308051439943,0.02919991165908458,0.0,0.00021677623043900353,1.1672078207112369e-06,2.91346884838392e-07,0.0,0.9636486976679001
445,0.0008511012856080215,0.003,0.029173640252941037,0.02918823802230735,0.0,0.0002168588422462669,1.16769976811761e-06,2.9134901599459863e-07,0.0,0.9637403012408668
446,0.0008504258016065978,0.003,0.029162060997237452,0.029176652972630068,0.0,0.0002169414298823701,1.1681916258826317e-06,2.913511452716501e-07,0.0,0.9638318474428891
447,0.0008497556414583072,0.003,0.029150568458579107,0.0291651546833891,0.0,0.00021702398936970877,1.1686833664943491e-06,2.913532725453381e-07,0.0,0.9639233324389953
448,0.0008490906935624,0.003,0.02913916082460852,0.0291537413413201,0.0,0.0002171065171945583,1.1691749632203998e-06,2.9135539769360893e-07,0.0,0.9640147528609537
449,0.0008484308456209622,0.003,0.02912783626740857,0.029142411117591298,0.0,0.00021718901025996335,1.1696663902015875e-06,2.9135752059697536e-07,0.0,0.9641061057387514
450,0.0008477759830797918,0.003,0.029116592916750953,0.029131162141038575,0.0,0.00021727146582476984,1.1701576225308434e-06,2.913596411389269e-07,0.0,0.9641973884218908
451,0.0008471259878056666,0.003,0.0291054288373435,0.0291199924754014,0.0,0.00021735388143334967,1.1706486363126793e-06,2.913617592063108e-07,0.0,0.9642885984960258
452,0.0008464807370831338,0.003,0.029094342011517185,0.029108900102001144,0.0,0.00021743625484099994,1.171139408699688e-06,2.9136387468965635e-07,0.0,0.9643797337004658
453,0.0008458401029884013,0.003,0.029083330328358224,0.029097882908867775,0.0,0.00021751858393995343,1.1716299179042428e-06,2.913659874834358e-07,0.0,0.9644707918517229
454,0.0008452039521699569,0.003,0.029072391579812572,0.029086938686842395,0.0,0.00021760086669068626,1.1721201431852106e-06,2.913680974862314e-07,0.0,0.9645617707775893
455,0.0008445721460369963,0.003,0.029061523463799973,0.029076065132692848,0.0,0.00021768310106258962,1.1726100648111303e-06,2.9137020460082016e-07,0.0,0.9646526682653014
456,0.0008439445413295848,0.003,0.029050723593907,0.0290652598588116,0.0,0.00021776528498719782,1.1730996640027413e-06,2.9137230873416e-07,0.0,0.9647434820262195
457,0.0008433209910203237,0.003,0.029039989514810842,0.02905452040864726,0.0,0.00021784741632622855,1.1735889228589735e-06,2.9137440979729e-07,0.0,0.9648342096782292
458,0.0008427013454776275,0.003,0.029029318722244023,0.029043844276679272,0.0,0.0002179294928555051,1.1740778242713973e-06,2.9137650770515026e-07,0.0,0.9649248487458296
459,0.0008420854538065276,0.003,0.029018708686061958,0.029033228931497033,0.0,0.00021801151226489218,1.174566351832661e-06,2.9137860237634316e-07,0.0,0.9650153966766999
460,0.0008414731652750692,0.003,0.02900815687483555,0.029022671840404787,0.0,0.00021809347217296727,1.175054489744582e-06,2.9138069373284817e-07,0.0,0.9651058508724983
461,0.00084086433073285,0.003,0.02899766078036037,0.02901217049394305,0.0,0.0002181753701547004,1.1755422227313332e-06,2.9138278169971145e-07,0.0,0.9651962087308141
462,0.0008402588039331823,0.003,0.028987217940554113,0.029001722428797557,0.0,0.00021825720377920482,1.176029535962577e-06,2.913848662047339e-07,0.0,0.9652864676946024
463,0.0008396564426809259,0.003,0.02897682595939255,0.02899132524774517,0.0,0.00021833897065428874,1.1765164149905336e-06,2.9138694717817905e-07,0.0,0.9653766253051146
464,0.0008390571097434106,0.003,0.028966482522795385,0.028980976635547682,0.0,0.0002184206684743475,1.1770028457038458e-06,2.91389024552513e-07,0.0,0.9654666792543058
465,0.0008384606734808057,0.003,0.028956185409697972,0.028970674370029082,0.0,0.0002185022950677906,1.1774888142998806e-06,2.913910982621989e-07,0.0,0.9655566274329298
466,0.0008378670081732678,0.003,0.028945932497904912,0.02896041632793208,0.0,0.00021858384844072615,1.1779743072757652e-06,2.9139316824354836e-07,0.0,0.9656464679710224
467,0.0008372759940437693,0.003,0.028935721764693712,0.02895020048552205,0.0,0.00021866532681384267,1.1784593114371958e-06,2.913952344346445e-07,0.0,0.9657361992681452
468,0.0008366875169961125,0.003,0.028925551282492655,0.028940024914262782,0.0,0.0002187467286500694,1.1789438139228732e-06,2.913972967753301e-07,0.0,0.9658258200115947
469,0.0008361014681058996,0.003,0.028915419210274292,0.028929887772205613,0.0,0.00021882805267148147,1.1794278022414365e-06,2.913993552072582e-07,0.0,0.9659153291816867
470,0.0008355177429169663,0.003,0.02890532378156256,0.028919787291990587,0.0,0.00021890929786444786,1.1799112643170236e-06,2.9140140967400053e-07,0.0,0.9660047260441569
471,0.0008349362406062218,0.003,0.028895263290134972,0.028909721766541455,0.0,0.00021899046347320647,1.1803941885391319e-06,2.914034601211985e-07,0.0,0.966094010130595
472,0.0008343568630853533,0.003,0.028885236074599654,0.028899689533635024,0.0,0.00021907154898256976,1.1808765638123105e-06,2.914055064967378e-07,0.0,0.9661831812086054
473,0.0008337795141084151,0.003,0.02887524050304023,0.028889688960538354,0.0,0.00021915255409123014,1.181358379601368e-06,2.914075487509393e-07,0.0,0.9662722392440075
474,0.0008332040984500629,0.003,0.028865274958850867,0.0288797184298367,0.0,0.00021923347867791284,1.1818396259682407e-06,2.914095868367421e-07,0.0,0.9663611843578183
475,0.0008326305212107548,0.003,0.028855337828740713,0.02886977632743196,0.0,0.00021931432276263183,1.1823202935973619e-06,2.914116207098645e-07,0.0,0.9664500167809773
476,0.0008320586872932503,0.003,0.028845427493681738,0.02885986103348598,0.0,0.00021939508646586485,1.182800373807257e-06,2.9141365032892925e-07,0.0,0.96653873680978
477,0.0008314885010804763,0.003,0.028835542323328623,0.028849970916837657,0.0,0.00021947576996828594,1.1832798585471303e-06,2.914156756555433e-07,0.0,0.9666273447647796
478,0.0008309198663290228,0.003,0.028825680674166618,0.02884010433314987,0.0,0.0002195563734735333,1.1837587403782549e-06,2.9141769665432417e-07,0.0,0.9667158409555352
479,0.0008303526862767233,0.003,0.028815840891369512,0.028830259626768367,0.0,0.00021963689717625773,1.184237012441044e-06,2.9141971329286404e-07,0.0,0.9668042256530557
480,0.000829786863947726,0.003,0.028806021314088586,0.02882043513601339,0.0,0.00021971734123701908,1.1847146684096206e-06,2.91421725541642e-07,0.0,0.9668924990711592
481,0.0008292223026253584,0.003,0.028796220283664978,0.02881062920139612,0.0,0.0002197977057652992,1.1851917024365052e-06,2.9142373337387874e-07,0.0,0.9669806613572871
482,0.0008286589064526677,0.003,0.028786436154075546,0.02880084017606978,0.0,0.00021987799081101109,1.1856681090906126e-06,2.914257367653507e-07,0.0,0.9670687125926304
483,0.0008280965811133463,0.003,0.02877666730379573,0.02879106643769845,0.0,0.000219958196364464,1.1861438832921084e-06,2.914277356941638e-07,0.0,0.9671566528007896
484,0.0008275352345422587,0.003,0.028766912148200034,0.02878130640086372,0.0,0.0002200383223641006,1.1866190202477393e-06,2.9142973014051227e-07,0.0,0.9672444819636457
485,0.0008269747776149315,0.003,0.02875716915162081,0.028771558529129534,0.0,0.00022011836871076032,1.1870935153901014e-06,2.9143172008642463e-07,0.0,0.9673322000426896
486,0.0008264151247691095,0.003,0.02874743683824889,0.028761821345948273,0.0,0.00022019833528700135,1.1875673643238953e-06,2.9143370551551733e-07,0.0,0.9674198070037794
487,0.000825856194518296,0.003,0.028737713801175905,0.028752093443707567,0.0,0.00022027822197951067,1.1880405627816292e-06,2.9143568641276793e-07,0.0,0.9675073028431713
488,0.0008252979098265415,0.003,0.028727998709038912,0.028742373490378312,0.0,0.0002203580287027601,1.18851310659047e-06,2.914376627643144e-07,0.0,0.9675946876126994
489,0.0008247401983248193,0.003,0.028718290309919552,0.028732660233415704,0.0,0.00022043775542195042,1.1889849916511344e-06,2.9143963455729634e-07,0.0,0.9676819614421611
490,0.0008241829923612721,0.003,0.028708587432356752,0.02872295250077251,0.0,0.000220517402173411,1.1894562139288164e-06,2.914416017797357e-07,0.0,0.9677691245572712
491,0.0008236262288895556,0.003,0.028698888983540036,0.02871324919909143,0.0,0.00022059696908105373,1.189926769455353e-06,2.9144356442046634e-07,0.0,0.9678561772919481
492,0.0008230698492105977,0.003,0.02868919394494376,0.028703549309337186,0.0,0.00022067645636770534,1.1903966543410637e-06,2.91445522469104e-07,0.0,0.96794312009417
493,0.0008225137985925316,0.003,0.028679501365828027,0.028693851880294146,0.0,0.00022075586436055933,1.1908658647941162e-06,2.914474759160585e-07,0.0,0.968029953525135
494,0.0008219580258008238,0.003,0.028669810355159725,0.028684156020483347,0.0,0.0002208351934906122,1.1913343971448355e-06,2.914494247525789e-07,0.0,0.9681166782519535
495,0.0008214024825752266,0.003,0.028660120072589133,0.028674460889134584,0.0,0.00022091444428613057,1.1918022478721561e-06,2.914513689708189e-07,0.0,0.968203295034551
496,0.000820847123091963,0.003,0.028650429719150165,0.028664765686881987,0.0,0.0002209936173609043,1.1922694136293818e-06,2.9145330856391945e-07,0.0,0.9682898047078424
497,0.0008202919034484879,0.003,0.02864073852833561,0.028655069646834796,0.0,0.00022107271339811389,1.1927358912666126e-06,2.914552435260925e-07,0.0,0.968376208160521
498,0.0008197367812045067,0.003,0.028631045758136513,0.028645372026612777,0.0,0.00022115173313108614,1.1932016778475455e-06,2.9145717385269246e-07,0.0,0.9684625063119846
499,0.0008191817150070608,0.003,0.028621350684533753,0.028635672101834528,0.0,0.0002212306773223296,1.1936667706588754e-06,2.9145909954027727e-07,0.0,0.9685487000889796
